BSR21002, AVBOB INFORMATION SERVICES - PRODUCTION,11-06-07
.,OMSET SYFERS PER AGENTSKAP VIR TYDPERK VAN,201007,TOT,201105
Agentskap naam,Totale omset,Begrafnisse aantal,Begrafnisse waarde,Grafstene aantal,Grafstene waarde,Kiste aantal,Kiste waarde,Kranse aantal,Kranse waarde,Vars blom aantal,Vars blom waarde,Versekering aantal,Versekering waarde,Komm ontvang aantal,Komm ontvang waarde
1,WELKOM - 275,Opgegradeer 19981999
Huidige jaar,3040119,339,2026119,30,170140,431,637662,384,36247,245,169950,204,301275,391565,73607
Vorige jaar,2527999,331,1752851,24,106508,418,483961,402,30714,240,153966,181,296993,362860,91062
Afwyking,512120,8,273269,6,63632,13,153701,-18,5534,5,15984,23,4282,28705,-17455
Afwyking %,20,2,16,25,60,3,32,-4,18,2,10,13,1,8,-19
Doelwit,2702503,353,1840495,26,119289,459,542036,504,34400,285,166283,0,0,0,0
Afwyking,337616,-14,185625,4,50851,-28,95625,-120,1848,-40,3667,204,301275,0,0
Afwyking %,12,-4,10,15,43,-6,18,-24,5,-14,2,0,0,0,0
2,BETHLEHEM - 14,Opgegradeer 19981999
Huidige jaar,2413803,260,1585097,44,225586,287,503565,286,24616,123,74940,148,184595,354630,94793
Vorige jaar,2164433,253,1557392,34,129996,260,404068,292,17264,99,55713,166,200238,312543,84181
Afwyking,249371,7,27705,10,95590,27,99497,-6,7352,24,19227,-18,-15643,42087,10612
Afwyking %,12,3,2,29,74,10,25,-2,43,24,35,-11,-8,13,13
Doelwit,2312921,241,1635264,27,145597,255,452556,459,19335,106,60170,0,0,0,0
Afwyking,100882,19,-50167,17,79989,32,51009,-173,5281,17,14770,148,184595,0,0
Afwyking %,4,8,-3,63,55,13,11,-38,27,16,25,0,0,0,0
3,KROONSTAD - 118
Huidige jaar,1123855,173,827937,9,39641,211,225425,376,27647,66,3205,73,57006,198719,17528
Vorige jaar,1174902,178,890068,5,37444,218,208269,501,32331,92,6789,91,81482,208663,28924
Afwyking,-51047,-5,-62132,4,2197,-7,17156,-125,-4683,-26,-3585,-18,-24476,-9944,-11396
Afwyking %,-4,-3,-7,80,6,-3,8,-25,-14,-28,-53,-20,-30,-5,-39
Doelwit,1253315,204,934571,15,41937,251,233264,597,36211,111,7332,0,0,0,0
Afwyking,-129460,-31,-106635,-6,-2296,-40,-7839,-221,-8563,-45,-4127,73,57006,0,0
Afwyking %,-10,-15,-11,-40,-5,-16,-3,-37,-24,-41,-56,0,0,0,0
4,ODENDAALSRUS - 160
Huidige jaar,880778,100,587797,9,62238,121,168724,147,15719,42,46300,22,38671,145872,7712
Vorige jaar,833343,108,565630,11,69964,128,153992,190,9948,41,33810,25,59382,135904,15940
Afwyking,47435,-8,22167,-2,-7726,-7,14732,-43,5772,1,12490,-3,-20711,9968,-8228
Afwyking %,6,-7,4,-18,-11,-5,10,-23,58,2,37,-12,-35,7,-52
Doelwit,892393,108,593908,11,78359,143,172470,161,11142,48,36515,0,0,0,0
Afwyking,-11615,-8,-6111,-2,-16121,-22,-3746,-14,4578,-6,9785,22,38671,0,0
Afwyking %,-1,-7,-1,-18,-21,-15,-2,-9,41,-13,27,0,0,0,0
5,HENNENMAN - 98
Huidige jaar,655013,78,426072,14,48436,105,133092,158,16392,47,31022,68,64685,98264,13212
Vorige jaar,581043,76,360456,11,69507,85,113150,173,13057,43,24874,71,70957,86214,19823
Afwyking,73971,2,65616,3,-21071,20,19942,-15,3336,4,6147,-3,-6271,12050,-6612
Afwyking %,13,3,18,27,-30,24,18,-9,26,9,25,-4,-9,14,-33
Doelwit,624541,75,378479,22,77847,89,126727,158,14624,46,26865,0,0,0,0
Afwyking,30472,3,47593,-8,-29411,16,6365,0,1768,1,4157,68,64685,0,0
Afwyking %,5,4,13,-36,-38,18,5,0,12,2,15,0,0,0,0
6,VIRGINIA - 244
Huidige jaar,588244,67,391233,4,19618,88,138017,71,6261,41,33115,5,5172,77535,-58
Vorige jaar,700811,80,461101,11,34319,111,159981,145,10177,47,35233,13,18108,80082,1091
Afwyking,-112567,-13,-69868,-7,-14701,-23,-21964,-74,-3916,-6,-2118,-8,-12936,-2547,-1149
Afwyking %,-16,-16,-15,-64,-43,-21,-14,-51,-38,-13,-6,-62,-71,-3,-105
Doelwit,751223,89,484157,17,38438,110,179178,288,11398,51,38052,0,0,0,0
Afwyking,-162979,-22,-92924,-13,-18821,-22,-41161,-217,-5137,-10,-4937,5,5172,0,0
Afwyking %,-22,-25,-19,-76,-49,-20,-23,-75,-45,-20,-13,0,0,0,0
7,HEILBRON - 83
Huidige jaar,391189,50,266128,8,37937,50,76346,50,3993,16,6784,12,22056,53102,9966
Vorige jaar,257443,39,161053,3,18335,35,68096,121,6708,9,3250,0,0,18080,-3163
Afwyking,133746,11,105075,5,19602,15,8250,-71,-2715,7,3534,12,22056,35022,13130
Afwyking %,52,28,65,167,107,43,12,-59,-40,78,109,0,0,194,-415
Doelwit,276931,56,169106,7,20535,57,76269,266,7512,22,3510,0,0,0,0
Afwyking,114258,-6,97023,1,17402,-7,78,-216,-3519,-6,3274,12,22056,0,0
Afwyking %,41,-11,57,14,85,-12,0,-81,-47,-27,93,0,0,0,0
8,WINBURG - 263
Huidige jaar,308554,32,148339,25,62171,40,79819,211,16333,18,1892,69,81637,45964,23521
Vorige jaar,448955,51,266282,37,94664,58,72853,243,12570,33,2587,67,68424,79135,12424
Afwyking,-140401,-19,-117943,-12,-32493,-18,6967,-32,3762,-15,-695,2,13213,-33170,11097
Afwyking %,-31,-37,-44,-32,-34,-31,10,-13,30,-45,-27,3,19,-42,89
Doelwit,484086,65,279595,55,106024,71,81594,230,14080,29,2794,0,0,0,0
Afwyking,-175532,-33,-131256,-30,-43853,-31,-1775,-19,2253,-11,-902,69,81637,0,0
Afwyking %,-36,-51,-47,-55,-41,-44,-2,-8,16,-38,-32,0,0,0,0
9,BOTHAVILLE - 18,Opgegradeer 19971998
Huidige jaar,160828,24,95345,1,19928,22,25798,199,11782,16,7975,7,11242,25122,56188
Vorige jaar,177387,25,115349,0,0,30,47373,212,13315,3,1350,0,0,11373,0
Afwyking,-16559,-1,-20004,1,19928,-8,-21575,-13,-1533,13,6625,7,11242,13749,56188
Afwyking %,-9,-4,-17,0,0,-27,-46,-6,-12,433,491,0,0,121,0
Doelwit,190545,40,121118,4,0,34,53056,290,14914,7,1458,0,0,0,0
Afwyking,-29717,-16,-25773,-3,19928,-12,-27257,-91,-3132,9,6517,7,11242,0,0
Afwyking %,-16,-40,-21,-75,0,-35,-51,-31,-21,129,447,0,0,0,0
10,FRANKFORT - 66
Huidige jaar,105208,17,77764,0,0,13,24825,44,1069,5,1550,0,0,11608,0
Vorige jaar,171802,21,106024,3,19480,19,41960,22,1689,6,2650,0,0,10590,0
Afwyking,-66595,-4,-28260,-3,-19480,-6,-17136,22,-619,-1,-1100,0,0,1018,0
Afwyking %,-39,-19,-27,-100,-100,-32,-41,100,-37,-17,-42,0,0,10,0
Doelwit,184892,17,111325,5,21818,19,46995,111,1892,10,2862,0,0,0,0
Afwyking,-79684,0,-33561,-5,-21818,-6,-22171,-67,-822,-5,-1312,0,0,0,0
Afwyking %,-43,0,-30,-100,-100,-32,-47,-60,-43,-50,-46,0,0,0,0
11,REITZ - 191 200912
Huidige jaar,0,0,0,0,0,0,0,0,0,0,0,0,0,0,0
Vorige jaar,9675,1,6716,0,0,1,789,49,2170,0,0,0,0,2190,10139
Afwyking,-9675,-1,-6716,0,0,-1,-789,-49,-2170,0,0,0,0,-2190,-10139
Afwyking %,-100,-100,-100,0,0,-100,-100,-100,-100,0,0,0,0,-100,-100
Doelwit,0,0,0,0,0,0,0,0,0,0,0,0,0,0,0
Afwyking,0,0,0,0,0,0,0,0,0,0,0,0,0,0,0
Afwyking %,0,0,0,0,0,0,0,0,0,0,0,0,0,0,0
Afwyking %,0,0,0,0,0,0,0,0,0,0,0,0,0,0,0
Huidige jaar,9667591,1140,6431831,144,685695,1368,2013272,1926,160060,619,376732,608,766340,1402381,296468
Vorige jaar,9047793,1163,6242922,139,580216,1363,1754492,2350,149941,613,320222,614,795585,1307633,260421
Afwyking,619799,-23,188909,5,105480,5,258781,-424,10119,6,56510,-6,-29246,94748,36047
Afwyking %,7,-2,3,4,18,0,15,-18,7,1,18,-1,-4,7,14
Doelwit,9673352,1248,6548017,189,649843,1488,1964144,3064,165506,715,345841,0,0,0,0
Afwyking,-5761,-108,-116186,-45,35852,-120,49128,-1138,-5445,-96,30891,608,766340,0,0
Afwyking %,0,-9,-2,-24,6,-8,3,-37,-3,-13,9,0,0,0,0
1,BLOEMFONTEIN - 543,Opgegradeer 19992000
Huidige jaar,8091214,858,5646651,180,748031,1044,1278870,821,84796,412,332866,132,244529,1251331,75442
Vorige jaar,7687981,886,5441587,196,720891,1051,1156587,1053,95983,412,272932,79,117360,1151333,48940
Afwyking,403234,-28,205064,-16,27139,-7,122284,-232,-11187,0,59933,53,127169,99998,26502
Afwyking %,5,-3,4,-8,4,-1,11,-22,-12,0,22,67,108,9,54
Doelwit,8218711,907,5713666,161,807399,1013,1295377,1101,107502,492,294767,0,0,0,0
Afwyking,-127497,-49,-67015,19,-59368,31,-16507,-280,-22706,-80,38099,132,244529,0,0
Afwyking %,-2,-5,-1,12,-7,3,-1,-25,-21,-16,13,0,0,0,0
2,KIMBERLEY 1 - 541,Opgegradeer 19992000
Huidige jaar,2493949,294,2004261,28,108081,379,308132,387,33577,189,39898,217,304922,390647,90838
Vorige jaar,2916213,355,2224182,49,208037,446,413916,488,33087,253,36991,161,221026,398728,58281
Afwyking,-422263,-61,-219921,-21,-99957,-67,-105783,-101,490,-64,2907,56,83896,-8081,32557
Afwyking %,-14,-17,-10,-43,-48,-15,-26,-21,1,-25,8,35,38,-2,56
Doelwit,3108982,383,2335389,45,233001,461,463584,637,37057,269,39950,0,0,0,0
Afwyking,-615033,-89,-331128,-17,-124921,-82,-155452,-250,-3480,-80,-52,217,304922,0,0
Afwyking %,-20,-23,-14,-38,-54,-18,-34,-39,-9,-30,0,0,0,0,0
3,DE AAR - 40
Huidige jaar,968876,99,598727,36,174347,127,175352,175,16959,25,3490,76,92330,147954,30527
Vorige jaar,573711,58,288036,28,131623,97,132940,239,20242,7,870,147,155482,88879,52598
Afwyking,395165,41,310691,8,42724,30,42412,-64,-3283,18,2620,-71,-63151,59075,-22071
Afwyking %,69,71,108,29,32,31,32,-27,-16,257,301,-48,-41,66,-42
Doelwit,622359,88,302440,57,147417,140,148893,237,22670,20,940,0,0,0,0
Afwyking,346517,11,296287,-21,26931,-13,26460,-62,-5711,5,2550,76,92330,0,0
Afwyking %,56,13,98,-37,18,-9,18,-26,-25,25,271,0,0,0,0
4,ZASTRON - 290
Huidige jaar,673132,92,447161,10,67732,97,129685,402,13150,30,15404,59,70486,130823,25193
Vorige jaar,611474,91,399805,21,94939,98,91951,426,16709,17,8070,41,51601,123174,14898
Afwyking,61658,1,47356,-11,-27208,-1,37735,-24,-3559,13,7334,18,18885,7649,10295
Afwyking %,10,1,12,-52,-29,-1,41,-6,-21,76,91,44,37,6,69
Doelwit,656547,118,419796,28,106333,135,102987,550,18715,16,8716,0,0,0,0
Afwyking,16585,-26,27365,-18,-38601,-38,26698,-148,-5565,14,6688,59,70486,0,0
Afwyking %,3,-22,7,-64,-36,-28,26,-27,-30,88,77,0,0,0,0
5,ALIWAL NOORD - 3
Huidige jaar,599904,68,393997,11,57719,79,134251,189,13690,42,247,2,5472,118388,1262
Vorige jaar,445598,48,269593,16,84923,60,79491,131,6575,29,5015,2,5484,70531,3510
Afwyking,154307,20,124404,-5,-27204,19,54759,58,7115,13,-4768,0,-12,47858,-2248
Afwyking %,35,42,46,-31,-32,32,69,44,108,45,-95,0,0,68,-64
Doelwit,479997,55,283073,17,95114,69,89030,284,7363,33,5417,0,0,0,0
Afwyking,119907,13,110925,-6,-37395,10,45221,-95,6328,9,-5170,2,5472,0,0
Afwyking %,25,24,39,-35,-39,14,51,-33,86,27,-95,0,0,0,0
6,BOTSHABELO - 9
Huidige jaar,426615,39,259658,28,104981,39,50623,70,4774,23,6580,115,172317,69792,62481
Vorige jaar,381582,39,260591,29,77800,38,37583,83,5361,14,246,73,99187,58143,33088
Afwyking,45033,0,-934,-1,27180,1,13039,-13,-587,9,6334,42,73130,11649,29393
Afwyking %,12,0,0,-3,35,3,35,-16,-11,64,2575,58,74,20,89
Doelwit,409542,48,273621,23,87135,43,42094,166,6005,26,687,0,0,0,0
Afwyking,17073,-9,-13963,5,17846,-4,8529,-96,-1232,-3,5893,115,172317,0,0
Afwyking %,4,-19,-5,22,20,-9,20,-58,-21,-12,858,0,0,0,0
7,LADYBRAND - 130
Huidige jaar,384274,49,249289,20,56841,53,65475,195,13894,3,-1226,0,0,45459,3259
Vorige jaar,497855,60,308966,25,93141,60,75548,253,16760,12,3441,0,0,45999,17244
Afwyking,-113582,-11,-59676,-5,-36300,-7,-10073,-58,-2866,-9,-4666,0,0,-541,-13985
Afwyking %,-23,-18,-19,-20,-39,-12,-13,-23,-17,-75,-136,0,0,-1,-81
Doelwit,535835,38,324414,26,104320,32,84613,112,18771,5,3716,0,0,0,0
Afwyking,-151561,11,-75125,-6,-47479,21,-19138,83,-4877,-2,-4942,0,0,0,0
Afwyking %,-28,29,-23,-23,-46,66,-23,74,-26,-40,-133,0,0,0,0
8,FICKSBURG - 62
Huidige jaar,354338,34,176123,27,98819,42,58949,281,18891,13,1556,43,73976,65651,17997
Vorige jaar,383111,46,218447,25,75160,50,63814,266,17828,14,7862,57,89454,50774,29264
Afwyking,-28773,-12,-42324,2,23659,-8,-4865,15,1063,-1,-6306,-14,-15478,14876,-11267
Afwyking %,-8,-26,-19,8,31,-16,-8,6,6,-7,-80,-25,-17,29,-39
Doelwit,413475,40,229367,13,84179,42,71471,235,19967,10,8491,0,0,0,0
Afwyking,-59137,-6,-53244,14,14639,0,-12521,46,-1076,3,-6935,43,73976,0,0
Afwyking %,-14,-15,-23,108,17,0,-18,20,-5,30,-82,0,0,0,0
9,COLESBERG - 33
Huidige jaar,200881,25,116979,9,40736,25,34741,91,8625,4,-200,32,45403,35788,12902
Vorige jaar,175270,28,107974,7,25975,28,32692,133,8679,2,-50,14,14528,27016,4433
Afwyking,25611,-3,9005,2,14761,-3,2050,-42,-54,2,-150,18,30875,8772,8470
Afwyking %,15,-11,8,29,57,-11,6,-32,-1,100,300,129,213,32,191
Doelwit,188746,21,113372,4,29093,20,36614,121,9722,0,-54,0,0,0,0
Afwyking,12135,4,3607,5,11643,5,-1873,-30,-1097,4,-146,32,45403,0,0
Afwyking %,6,19,3,125,40,25,-5,-25,-11,0,0,0,0,0,0
10,PRIESKA - 180
Huidige jaar,168750,20,97701,8,39510,20,25504,70,6275,5,-240,68,58126,35764,4820
Vorige jaar,124012,13,85536,4,15467,16,19155,61,3575,11,278,10,8031,18358,4007
Afwyking,44738,7,12165,4,24043,4,6349,9,2699,-6,-518,58,50095,17406,813
Afwyking %,36,54,14,100,155,25,33,15,75,-55,-186,580,624,95,20
Doelwit,133197,14,89814,10,17324,10,21453,70,4004,4,603,0,0,0,0
Afwyking,35553,6,7888,-2,22185,10,4052,0,2271,1,-843,68,58126,0,0
Afwyking %,27,43,9,-20,128,100,19,0,57,25,-140,0,0,0,0
11,SENEKAL - 202 200912
Huidige jaar,0,0,0,0,0,0,0,0,0,0,0,0,0,0,0
Vorige jaar,61224,13,43401,0,0,7,13398,78,4424,0,0,0,0,2093,-101
Afwyking,-61224,-13,-43401,0,0,-7,-13398,-78,-4424,0,0,0,0,-2093,101
Afwyking %,-100,-100,-100,0,0,-100,-100,-100,-100,0,0,0,0,-100,-100
Doelwit,75583,11,26836,10,30959,11,8639,127,8728,2,421,0,0,0,0
Afwyking,-75583,-11,-26836,-10,-30959,-11,-8639,-127,-8728,-2,-421,0,0,0,0
Afwyking %,-100,-100,-100,-100,-100,-100,-100,-100,-100,-100,-100,0,0,0,0
12,THABA'NCHU - 220 200910,Opgegradeer 19971998
Huidige jaar,0,0,0,0,0,0,0,0,0,0,0,0,0,0,0
Vorige jaar,32230,3,16991,4,12888,2,1465,13,757,2,130,0,0,7988,0
Afwyking,-32230,-3,-16991,-4,-12888,-2,-1465,-13,-757,-2,-130,0,0,-7988,0
Afwyking %,-100,-100,-100,-100,-100,-100,-100,-100,-100,-100,-100,0,0,-100,0
Doelwit,0,0,0,0,0,0,0,0,0,0,0,0,0,0,0
Afwyking,0,0,0,0,0,0,0,0,0,0,0,0,0,0,0
Afwyking %,0,0,0,0,0,0,0,0,0,0,0,0,0,0,0
Afwyking %,0,0,0,0,0,0,0,0,0,0,0,0,0,0,0
Huidige jaar,14361932,1578,9990548,357,1496795,1905,2261583,2681,214631,746,398375,744,1067561,2291598,324720
Vorige jaar,13890260,1640,9665109,404,1540844,1953,2118540,3224,229981,773,335785,584,762153,2043017,266162
Afwyking,471672,-62,325438,-47,-44049,-48,143043,-543,-15350,-27,62589,160,305408,248581,58559
Afwyking %,3,-4,3,-12,-3,-2,7,-17,-7,-3,19,27,40,12,22
Doelwit,14842975,1723,10111788,394,1742274,1976,2364754,3640,260505,877,363654,0,0,0,0
Afwyking,-481043,-145,-121240,-37,-245479,-71,-103170,-959,-45874,-131,34721,744,1067561,0,0
Afwyking %,-3,-8,-1,-9,-14,-4,-4,-26,-18,-15,10,0,0,0,0
1,EMPANGENI - 57
Huidige jaar,4793203,507,2928175,30,213774,550,1374090,350,95686,313,181478,318,610268,853930,357437
Vorige jaar,5062300,536,3058510,44,207529,592,1520639,426,59484,359,216139,389,829049,870090,378638
Afwyking,-269097,-29,-130335,-14,6246,-42,-146549,-76,36201,-46,-34661,-71,-218781,-16160,-21201
Afwyking %,-5,-5,-4,-32,3,-7,-10,-18,61,-13,-16,-18,-26,-2,-6
Doelwit,5447029,543,3211434,34,232430,561,1703113,385,66621,343,233430,0,0,0,0
Afwyking,-653826,-36,-283259,-4,-18656,-11,-329023,-35,29065,-30,-51952,318,610268,0,0
Afwyking %,-12,-7,-9,-12,-8,-2,-19,-9,44,-9,-22,0,0,0,0
2,NEWCASTLE - 151,Opgegradeer 19992000
Huidige jaar,3305381,349,2529913,6,26113,393,717557,103,10555,195,21243,121,231668,494232,116233
Vorige jaar,2642170,320,2079993,8,29654,395,498355,124,15952,157,18216,171,350068,392198,175054
Afwyking,663211,29,449919,-2,-3540,-2,219202,-21,-5397,38,3027,-50,-118401,102034,-58820
Afwyking %,25,9,22,-25,-12,-1,44,-17,-34,24,17,-29,-34,26,-34
Doelwit,2812901,389,2183993,8,33211,463,558156,167,17867,204,19673,0,0,0,0
Afwyking,492480,-40,345920,-2,-7098,-70,159400,-64,-7312,-9,1570,121,231668,0,0
Afwyking %,18,-10,16,-25,-21,-15,29,-38,-41,-4,8,0,0,0,0
3,VRYHEID - 248,Opgegradeer 19971998
Huidige jaar,2421104,331,1571123,30,109518,306,560033,255,58977,159,121452,111,199552,484489,97079
Vorige jaar,2614608,527,1703494,23,112147,346,646449,261,53072,150,99446,132,230902,474546,110745
Afwyking,-193504,-196,-132371,7,-2628,-40,-86415,-6,5905,9,22006,-21,-31350,9943,-13665
Afwyking %,-7,-37,-8,30,-2,-12,-13,-2,11,6,22,-16,-14,2,-12
Doelwit,2805143,605,1788669,45,125607,419,724024,308,59442,186,107402,0,0,0,0
Afwyking,-384039,-274,-217546,-15,-16089,-113,-163991,-53,-465,-27,14051,111,199552,0,0
Afwyking %,-14,-45,-12,-33,-13,-27,-23,-17,-1,-15,13,0,0,0,0
4,DUNDEE - 45
Huidige jaar,2090299,295,1338587,20,150897,261,494123,163,35023,111,71670,88,168982,368686,59232
Vorige jaar,2033782,381,1361287,12,67503,309,507936,174,35623,109,61433,88,174908,339925,43131
Afwyking,56517,-86,-22700,8,83394,-48,-13813,-11,-600,2,10237,0,-5925,28761,16100
Afwyking %,3,-23,-2,67,124,-16,-3,-6,-2,2,17,0,-3,8,37
Doelwit,2180091,403,1429352,13,75605,369,568889,214,39897,109,66348,0,0,0,0
Afwyking,-89792,-108,-90765,7,75293,-108,-74767,-51,-4874,2,5322,88,168982,0,0
Afwyking %,-4,-27,-6,54,100,-29,-13,-24,-12,2,8,0,0,0,0
5,ULUNDI - 235
Huidige jaar,2055611,243,1239743,9,69657,242,704217,63,13294,151,28699,103,142169,380721,86450
Vorige jaar,1611569,213,1065154,15,83524,230,426400,164,28720,122,7770,0,0,307979,52982
Afwyking,444041,30,174589,-6,-13867,12,277817,-101,-15426,29,20929,103,142169,72742,33468
Afwyking %,28,14,16,-40,-17,5,65,-62,-54,24,269,0,0,24,63
Doelwit,1730600,246,1118413,19,93546,267,477570,142,32168,155,8904,0,0,0,0
Afwyking,325011,-3,121331,-10,-23888,-25,226647,-79,-18874,-4,19795,103,142169,0,0
Afwyking %,19,-1,11,-53,-26,-9,47,-56,-59,-3,222,0,0,0,0
6,ERMELO - 52
Huidige jaar,1736521,173,1306066,3,13053,181,319293,145,22883,113,75226,117,183042,265607,122322
Vorige jaar,1398842,151,1098805,1,2277,170,216945,187,29040,83,51775,133,191313,227933,117937
Afwyking,337679,22,207261,2,10776,11,102348,-42,-6157,30,23451,-16,-8271,37674,4385
Afwyking %,24,15,19,200,473,6,47,-22,-21,36,45,-12,-4,17,4
Doelwit,1487715,186,1153746,10,2550,178,242977,247,32524,96,55917,0,0,0,0
Afwyking,248806,-13,152320,-7,10503,3,76316,-102,-9641,17,19309,117,183042,0,0
Afwyking %,17,-7,13,-70,412,2,31,-41,-30,18,35,0,0,0,0
7,STANDERTON - 207
Huidige jaar,684604,70,384176,23,114394,90,165412,64,14422,18,6200,36,67370,114341,22439
Vorige jaar,333453,48,213197,5,13591,52,95656,50,6455,11,4554,48,96632,60965,28291
Afwyking,351151,22,170979,18,100803,38,69756,14,7967,7,1646,-12,-29261,53376,-5851
Afwyking %,105,46,80,360,742,73,73,28,123,64,36,-25,-30,88,-21
Doelwit,358360,70,223857,11,15222,63,107134,98,7230,26,4918,0,0,0,0
Afwyking,326244,0,160319,12,99172,27,58279,-34,7192,-8,1282,36,67370,0,0
Afwyking %,91,0,72,109,652,43,54,-35,99,-31,26,0,0,0,0
8,VREDE - 246 201007
Huidige jaar,7913,0,0,1,7913,0,0,0,0,0,0,0,0,0,0
Vorige jaar,51925,6,28510,1,6831,8,14899,13,1095,3,590,0,0,10200,0
Afwyking,-44012,-6,-28510,0,1082,-8,-14899,-13,-1095,-3,-590,0,0,-10200,0
Afwyking %,-85,-100,-100,0,16,-100,-100,-100,-100,-100,-100,0,0,-100,0
Doelwit,56137,19,29937,6,7651,18,16686,34,1226,5,637,0,0,0,0
Afwyking,-48224,-19,-29937,-5,262,-18,-16686,-34,-1226,-5,-637,0,0,0,0
Afwyking %,-86,-100,-100,-83,3,-100,-100,-100,-100,-100,-100,0,0,0,0
Afwyking %,-86,-100,-100,-83,3,-100,-100,-100,-100,-100,-100,0,0,0,0
Huidige jaar,17094637,1968,11297783,122,705320,2023,4334726,1143,250839,1060,505968,894,1603052,2962006,861193
Vorige jaar,15748650,2182,10608951,109,523056,2102,3927278,1399,229441,994,459923,961,1872872,2683837,906777
Afwyking,1345987,-214,688832,13,182265,-79,407447,-256,21398,66,46045,-67,-269820,278170,-45584
Afwyking %,9,-10,6,12,35,-4,10,-18,9,7,10,-7,-14,10,-5
Doelwit,16877976,2461,11139401,146,585822,2338,4398550,1595,256974,1124,497229,0,0,0,0
Afwyking,216661,-493,158382,-24,119498,-315,-63825,-452,-6135,-64,8740,894,1603052,0,0
Afwyking %,1,-20,1,-16,20,-13,-1,-28,-2,-6,2,0,0,0,0
1,KEMPTON PARK - 125,Opgegradeer 19971998
Huidige jaar,6146527,595,4319725,51,227870,726,1154328,312,55640,312,388964,136,331655,971628,195767
Vorige jaar,574681,628,364235,43,39986,760,173322,158,14754,298,-17616,161,340866,436483,211054
Afwyking,5571846,-33,3955490,8,187883,-34,981006,154,40886,14,406581,-25,-9211,535144,-15286
Afwyking %,970,-5,1086,19,470,-4,566,97,277,5,-2308,-16,-3,123,-7
Doelwit,618853,604,382447,50,44785,737,194121,208,16524,304,-19024,0,0,0,0
Afwyking,5527674,-9,3937278,1,183084,-11,960208,104,39116,8,407989,136,331655,0,0
Afwyking %,893,-1,1029,2,409,-1,495,50,237,3,0,0,0,0,0
2,JOHANNESBURG DIENS - 544,Opgegradeer 19971998
Huidige jaar,5329244,503,3674310,44,283151,588,1263704,152,40376,309,67702,245,544705,908806,251510
Vorige jaar,4796819,567,3371090,59,291021,696,1021277,176,33826,298,79605,162,365036,815726,172489
Afwyking,532425,-64,303221,-15,-7870,-108,242427,-24,6550,11,-11903,83,179669,93080,79021
Afwyking %,11,-11,9,-25,-3,-16,24,-14,19,4,-15,51,49,11,46
Doelwit,5133279,773,3539645,112,325942,863,1143831,238,37887,369,85973,0,0,0,0
Afwyking,195965,-270,134666,-68,-42791,-275,119873,-86,2489,-60,-18272,245,544705,0,0
Afwyking %,4,-35,4,-61,-13,-32,10,-36,7,-16,-21,0,0,0,0
3,ALBERTON - 2
Huidige jaar,5045931,425,3370918,70,355843,624,957254,114,16385,273,345531,262,559787,605942,208794
Vorige jaar,4647380,449,3102548,36,166699,597,1050456,177,26823,258,300854,308,523811,484412,207764
Afwyking,398551,-24,268371,34,189144,27,-93202,-63,-10438,15,44676,-46,35976,121529,1031
Afwyking %,9,-5,9,94,113,5,-9,-36,-39,6,15,-15,7,25,0
Doelwit,4975855,396,3257675,47,186704,581,1176511,125,30042,227,324923,0,0,0,0
Afwyking,70076,29,113243,23,169139,43,-219257,-11,-13657,46,20607,262,559787,0,0
Afwyking %,1,7,3,49,91,7,-19,-9,-45,20,6,0,0,0,0
4,BOKSBURG - 25
Huidige jaar,3212116,231,2334924,22,97060,358,575754,104,28038,168,176340,36,88873,330492,44472
Vorige jaar,3029410,234,2184604,35,118212,353,531901,147,33262,169,161430,55,109875,224437,61169
Afwyking,182706,-3,150320,-13,-21153,5,43853,-43,-5224,-1,14910,-19,-21002,106055,-16697
Afwyking %,6,-1,7,-37,-18,1,8,-29,-16,-1,9,-35,-19,47,-27
Doelwit,3233561,249,2293835,45,132399,391,595729,198,37253,172,174344,0,0,0,0
Afwyking,-21445,-18,41089,-23,-35339,-33,-19975,-94,-9216,-4,1996,36,88873,0,0
Afwyking %,-1,-7,2,-51,-27,-8,-3,-47,-25,-2,1,0,0,0,0
5,GERMISTON - 70
Huidige jaar,2263580,240,1563138,14,63452,318,508158,324,48971,100,79860,357,635208,290490,274817
Vorige jaar,1446755,171,1019946,30,123996,209,215998,235,19966,79,66850,341,661463,211286,220705
Afwyking,816825,69,543192,-16,-60543,109,292160,89,29005,21,13010,16,-26255,79203,54112
Afwyking %,56,40,53,-53,-49,52,135,38,145,27,19,5,-4,37,25
Doelwit,1546296,338,1070944,37,138874,409,241918,402,22362,194,72198,0,0,0,0
Afwyking,717284,-98,492194,-23,-75422,-91,266240,-78,26609,-94,7662,357,635208,0,0
Afwyking %,46,-29,46,-62,-54,-22,110,-19,119,-48,11,0,0,0,0
6,BENONI - 12
Huidige jaar,1678149,157,1193555,15,58395,212,326079,61,11578,82,88543,47,83728,209456,27075
Vorige jaar,1679351,163,1206169,23,82954,232,275532,83,13891,87,100805,26,42125,161983,15004
Afwyking,-1202,-6,-12614,-8,-24560,-20,50547,-22,-2313,-5,-12262,21,41603,47473,12071
Afwyking %,0,-4,-1,-35,-30,-9,18,-27,-17,-6,-12,81,99,29,80
Doelwit,1792409,164,1266477,13,92910,241,308595,58,15558,108,108869,0,0,0,0
Afwyking,-114260,-7,-72923,2,-34515,-29,17484,3,-3980,-26,-20326,47,83728,0,0
Afwyking %,-6,-4,-6,15,-37,-12,6,5,-26,-24,-19,0,0,0,0
7,EDENVALE - 59
Huidige jaar,1259744,118,1047383,1,6648,185,171864,38,5199,61,28649,49,94703,91791,30791
Vorige jaar,1282207,116,993714,4,11327,189,209736,19,4297,79,63132,32,60832,86070,21587
Afwyking,-22463,2,53668,-3,-4679,-4,-37872,19,902,-18,-34482,17,33872,5722,9204
Afwyking %,-2,2,5,-75,-41,-2,-18,100,21,-23,-55,53,56,7,43
Doelwit,1363986,115,1043400,5,12686,187,234904,69,4814,62,68181,0,0,0,0
Afwyking,-104242,3,3983,-4,-6038,-2,-63040,-31,385,-1,-39532,49,94703,0,0
Afwyking %,-8,3,0,-80,-48,-1,-27,-45,8,-2,-58,0,0,0,0
8,BRAKPAN - 19
Huidige jaar,1143725,128,832133,9,29585,176,203543,103,13284,68,65180,56,75154,152653,28957
Vorige jaar,881526,114,638102,9,31156,147,157188,99,9301,54,45780,40,53498,145858,24539
Afwyking,262198,14,194031,0,-1571,29,46355,4,3983,14,19400,16,21656,6795,4418
Afwyking %,30,12,30,0,-5,20,29,4,43,26,42,40,40,5,18
Doelwit,940812,126,670008,9,34896,161,176051,133,10415,74,49442,0,0,0,0
Afwyking,202913,2,162125,0,-5310,15,27492,-30,2869,-6,15738,56,75154,0,0
Afwyking %,22,2,24,0,-15,9,16,-23,28,-8,32,0,0,0,0
9,GERMISTON 2 (KATORUS) - 126 200701
Huidige jaar,0,0,0,0,0,0,0,0,0,0,0,0,0,0,0
Vorige jaar,0,0,0,0,0,0,0,0,0,0,0,0,0,-2,-68987
Afwyking,0,0,0,0,0,0,0,0,0,0,0,0,0,2,68987
Afwyking %,0,0,0,0,0,0,0,0,0,0,0,0,0,-100,-100
Doelwit,0,0,0,0,0,0,0,0,0,0,0,0,0,0,0
Afwyking,0,0,0,0,0,0,0,0,0,0,0,0,0,0,0
Afwyking %,0,0,0,0,0,0,0,0,0,0,0,0,0,0,0
Afwyking %,0,0,0,0,0,0,0,0,0,0,0,0,0,0,0
Huidige jaar,26079015,2397,18336086,226,1122004,3187,5160685,1208,219471,1373,1240769,1188,2413813,3561257,1062185
Vorige jaar,18338130,2442,12880408,239,865352,3183,3635410,1094,156120,1322,800840,1125,2157505,2566254,865324
Afwyking,7740885,-45,5455678,-13,256652,4,1525275,114,63351,51,439929,63,256308,995004,196861
Afwyking %,42,-2,42,-5,30,0,42,10,41,4,55,6,12,39,23
Doelwit,19605051,2765,13524432,318,969197,3570,4071659,1431,174856,1510,864908,0,0,0,0
Afwyking,6473964,-368,4811654,-92,152808,-383,1089025,-223,44616,-137,375860,1188,2413813,0,0
Afwyking %,25,-13,36,-29,16,-11,27,-16,26,-9,43,0,0,0,0
1,DURBAN DIENS - 540,Opgegradeer 19992000
Huidige jaar,11803851,1221,8304555,109,433621,1248,2575872,1111,90173,718,399630,350,631846,1875019,319472
Vorige jaar,11593831,1246,8254978,144,353706,1367,2511160,1224,93799,747,380187,467,744561,1722167,394822
Afwyking,210021,-25,49577,-35,79915,-119,64713,-113,-3626,-29,19443,-117,-112715,152852,-75350
Afwyking %,2,-2,1,-24,23,-9,3,-9,-4,-4,5,-25,-15,9,-19
Doelwit,12392036,1272,8667727,98,396152,1343,2812499,815,105056,719,410602,0,0,0,0
Afwyking,-588185,-51,-363172,11,37469,-95,-236627,296,-14883,-1,-10972,350,631846,0,0
Afwyking %,-5,-4,-4,11,9,-7,-8,36,-14,0,-3,0,0,0,0
2,PIETERMARITZBURG - 176
Huidige jaar,3295424,341,2112845,23,47970,385,959388,245,67396,238,107825,304,523101,555235,239707
Vorige jaar,3135264,359,2100967,21,81467,413,829560,228,58350,139,64920,134,270077,569494,134068
Afwyking,160160,-18,11879,2,-33497,-28,129828,17,9045,99,42905,170,253024,-14258,105640
Afwyking %,5,-5,1,10,-41,-7,16,7,16,71,66,127,94,-3,79
Doelwit,3361827,411,2206013,21,91244,449,929105,172,65351,183,70114,0,0,0,0
Afwyking,-66403,-70,-93168,2,-43274,-64,30283,73,2045,55,37711,304,523101,0,0
Afwyking %,-2,-17,-4,10,-47,-14,3,42,3,30,54,0,0,0,0
3,PORT SHEPSTONE - 186,Opgegradeer 19971998
Huidige jaar,2453889,355,1448333,16,40401,455,814262,194,44755,183,106140,906,1290411,445173,500236
Vorige jaar,2698139,376,1583552,25,115309,501,840236,289,48059,201,110984,414,612948,481675,553384
Afwyking,-244250,-21,-135219,-9,-74908,-46,-25975,-95,-3304,-18,-4845,492,677462,-36502,-53149
Afwyking %,-9,-6,-9,-36,-65,-9,-3,-33,-7,-9,-4,119,111,-8,-10
Doelwit,2906981,365,1662729,28,129499,418,941064,150,53826,177,119863,0,0,0,0
Afwyking,-453092,-10,-214396,-12,-89098,37,-126803,44,-9072,6,-13723,906,1290411,0,0
Afwyking %,-16,-3,-13,-43,-69,9,-13,29,-17,3,-11,0,0,0,0
4,KOKSTAD - 124
Huidige jaar,1807784,186,1064808,31,183044,180,540719,134,22890,48,-3677,147,209165,295327,56593
Vorige jaar,2313406,225,1328940,52,278456,215,633915,543,65225,116,6870,269,418701,407843,140744
Afwyking,-505622,-39,-264131,-21,-95412,-35,-93196,-409,-42335,-68,-10547,-122,-209536,-112516,-84151
Afwyking %,-22,-17,-20,-40,-34,-16,-15,-75,-65,-59,-154,-45,-50,-28,-60
Doelwit,2497713,207,1395387,55,311870,212,709984,185,73053,130,7420,0,0,0,0
Afwyking,-689929,-21,-330579,-24,-128826,-32,-169265,-51,-50163,-82,-11097,147,209165,0,0
Afwyking %,-28,-10,-24,-44,-41,-15,-24,-28,-69,-63,-150,0,0,0,0
5,LADYSMITH - 131,Opgegradeer 19981999
Huidige jaar,1523113,198,1045264,17,97695,262,338658,141,33096,142,8400,155,246548,316791,135900
Vorige jaar,1258108,161,836712,16,46608,213,349094,108,18581,122,7114,188,297802,268033,168065
Afwyking,265004,37,208553,1,51087,49,-10437,33,14515,20,1286,-33,-51254,48757,-32165
Afwyking %,21,23,25,6,110,23,-3,31,78,16,18,-18,-17,18,-19
Doelwit,1350227,314,878547,26,52201,308,390985,84,20811,191,7683,0,0,0,0
Afwyking,172886,-116,166718,-9,45494,-46,-52327,57,12285,-49,717,155,246548,0,0
Afwyking %,13,-37,19,-35,87,-15,-13,68,59,-26,9,0,0,0,0
6,PHUTHADITJHABA - 179
Huidige jaar,1164453,146,652668,35,193140,153,281840,248,35645,48,1161,113,115616,225924,43363
Vorige jaar,978431,149,565074,25,111475,161,264357,292,35097,52,2429,47,43064,195511,30025
Afwyking,186022,-3,87594,10,81665,-8,17483,-44,548,-4,-1268,66,72552,30414,13338
Afwyking %,19,-2,16,40,73,-5,7,-15,2,-8,-52,140,168,16,44
Doelwit,1056189,222,593327,38,124853,231,296079,361,39308,91,2623,0,0,0,0
Afwyking,108264,-76,59341,-3,68287,-78,-14239,-113,-3663,-43,-1463,113,115616,0,0
Afwyking %,10,-34,10,-8,55,-34,-5,-31,-9,-47,-56,0,0,0,0
7,HARRISMITH - 81
Huidige jaar,903341,89,529238,37,132371,135,194576,188,18455,58,28700,88,112464,161416,5800
Vorige jaar,827240,84,486808,35,124333,140,179778,151,10303,49,26017,128,165735,130918,5531
Afwyking,76101,5,42430,2,8037,-5,14798,37,8153,9,2683,-40,-53271,30498,269
Afwyking %,9,6,9,6,6,-4,8,25,79,18,10,-31,-32,23,5
Doelwit,891394,105,511148,46,139254,144,201354,84,11539,44,28098,0,0,0,0
Afwyking,11947,-16,18090,-9,-6883,-9,-6777,104,6916,14,602,88,112464,0,0
Afwyking %,1,-15,4,-20,-5,-6,-3,124,60,32,2,0,0,0,0
8,GREYTOWN - 72
Huidige jaar,362397,45,246314,4,23323,50,79969,71,12670,4,120,65,100867,70733,18775
Vorige jaar,256969,32,155753,8,50687,37,37795,72,9726,5,3009,107,165180,22399,61493
Afwyking,105429,13,90562,-4,-27363,13,42174,-1,2945,-1,-2889,-42,-64313,48334,-42719
Afwyking %,41,41,58,-50,-54,35,112,-1,30,-20,-96,-39,-39,216,-69
Doelwit,276786,50,163541,7,56771,57,42330,71,10894,19,3250,0,0,0,0
Afwyking,85611,-5,82774,-3,-33447,-7,37639,0,1776,-15,-3130,65,100867,0,0
Afwyking %,31,-10,51,-43,-59,-12,89,0,16,-79,-96,0,0,0,0
9,WARDEN - 260
Huidige jaar,316937,44,195193,5,15697,76,82815,173,11497,26,11736,15,18743,55414,44590
Vorige jaar,344474,47,190791,9,28716,70,105417,180,9471,23,10079,31,48146,56981,59638
Afwyking,-27537,-3,4402,-4,-13018,6,-22603,-7,2025,3,1657,-16,-29403,-1566,-15048
Afwyking %,-8,-6,2,-44,-45,9,-21,-4,21,13,16,-52,-61,-3,-25
Doelwit,372054,55,200330,10,32161,109,118069,190,10609,16,10885,0,0,0,0
Afwyking,-55117,-11,-5137,-5,-16463,-33,-35255,-17,888,10,851,15,18743,0,0
Afwyking %,-15,-20,-3,-50,-51,-30,-30,-9,8,63,8,0,0,0,0
Afwyking %,-15,-20,-3,-50,-51,-30,-30,-9,8,63,8,0,0,0,0
Huidige jaar,23631189,2625,15599220,277,1167262,2944,5868098,2505,336575,1465,660034,2143,3248762,4001032,1364436
Vorige jaar,23405862,2679,15503574,335,1190756,3117,5751313,3087,348610,1454,611609,1785,2766215,3855019,1547770
Afwyking,225328,-54,95646,-58,-23493,-173,116786,-582,-12035,11,48424,358,482546,146013,-183334
Afwyking %,1,-2,1,-17,-2,-6,2,-19,-3,1,8,20,17,4,-12
Doelwit,25105205,3001,16278747,329,1334004,3271,6441469,2112,390447,1570,660538,0,0,0,0
Afwyking,-1474016,-376,-679528,-52,-166742,-327,-573371,393,-53871,-105,-504,2143,3248762,0,0
Afwyking %,-6,-13,-4,-16,-12,-10,-9,19,-14,-7,0,0,0,0,0
1,KEIMOES - 111 200901
Huidige jaar,0,0,0,0,0,0,0,0,0,0,0,0,0,0,0
Vorige jaar,0,0,0,0,0,0,0,0,0,0,0,0,0,0,0
Afwyking,0,0,0,0,0,0,0,0,0,0,0,0,0,0,0
Afwyking %,0,0,0,0,0,0,0,0,0,0,0,0,0,0,0
Doelwit,0,0,0,0,0,0,0,0,0,0,0,0,0,0,0
Afwyking,0,0,0,0,0,0,0,0,0,0,0,0,0,0,0
Afwyking %,0,0,0,0,0,0,0,0,0,0,0,0,0,0,0
Afwyking %,0,0,0,0,0,0,0,0,0,0,0,0,0,0,0
Huidige jaar,0,0,0,0,0,0,0,0,0,0,0,0,0,0,0
Vorige jaar,0,0,0,0,0,0,0,0,0,0,0,0,0,0,0
Afwyking,0,0,0,0,0,0,0,0,0,0,0,0,0,0,0
Afwyking %,0,0,0,0,0,0,0,0,0,0,0,0,0,0,0
Doelwit,0,0,0,0,0,0,0,0,0,0,0,0,0,0,0
Afwyking,0,0,0,0,0,0,0,0,0,0,0,0,0,0,0
Afwyking %,0,0,0,0,0,0,0,0,0,0,0,0,0,0,0
1,RUSTENBURG - 199
Huidige jaar,7798761,803,5519747,58,264369,826,1454521,699,111398,420,448724,348,721328,1150183,401803
Vorige jaar,6796611,770,4918268,34,110444,725,1299172,695,88111,361,380616,393,802393,970713,387940
Afwyking,1002150,33,601479,24,153925,101,155350,4,23288,59,68108,-45,-81065,179470,13864
Afwyking %,15,4,12,71,139,14,12,1,26,16,18,-11,-10,18,4
Doelwit,7252699,885,5164180,53,123696,841,1455072,1350,98684,429,411066,0,0,0,0
Afwyking,546062,-82,355567,5,140673,-15,-550,-651,12714,-9,37658,348,721328,0,0
Afwyking %,8,-9,7,9,114,-2,0,-48,13,-2,9,0,0,0,0
2,CARLETONVILLE - 37
Huidige jaar,5283685,569,3672193,83,376543,661,955008,962,61576,200,218366,282,630726,960574,249816
Vorige jaar,6467390,709,5018392,53,225771,771,1030578,992,60601,172,132047,242,463121,912549,242625
Afwyking,-1183704,-140,-1346199,30,150772,-110,-75571,-30,975,28,86319,40,167605,48025,7191
Afwyking %,-18,-20,-27,57,67,-14,-7,-3,2,16,65,17,36,5,3
Doelwit,6886912,888,5269312,79,252865,974,1154250,604,67875,191,142611,0,0,0,0
Afwyking,-1603227,-319,-1597118,4,123678,-313,-199242,358,-6299,9,75755,282,630726,0,0
Afwyking %,-23,-36,-30,5,49,-32,-17,59,-9,5,53,0,0,0,0
3,KLERKSDORP - 542
Huidige jaar,3018282,333,2007200,61,265146,407,526742,777,85197,232,133998,239,301881,441793,56680
Vorige jaar,2607390,339,1832431,32,100185,405,476610,824,85225,204,112939,236,260199,416735,39604
Afwyking,410892,-6,174768,29,164960,2,50133,-47,-28,28,21059,3,41682,25057,17076
Afwyking %,16,-2,10,91,165,0,11,-6,0,14,19,1,16,6,43
Doelwit,2787491,334,1924053,42,112207,388,533804,627,95453,219,121974,0,0,0,0
Afwyking,230791,-1,83147,19,152938,19,-7062,150,-10256,13,12024,239,301881,0,0
Afwyking %,8,0,4,45,136,5,-1,24,-11,6,10,0,0,0,0
4,POTCHEFSTROOM - 181
Huidige jaar,1730060,189,1224951,43,142017,224,264384,331,39158,114,59550,234,341300,276809,81080
Vorige jaar,1455414,167,1003894,37,125258,190,231373,308,33076,99,61813,139,193847,235483,58884
Afwyking,274646,22,221057,6,16759,34,33011,23,6082,15,-2263,95,147453,41326,22195
Afwyking %,19,13,22,16,13,18,14,7,18,15,-4,68,76,18,38
Doelwit,1557315,216,1054089,51,140289,261,259137,513,37043,122,66758,0,0,0,0
Afwyking,172745,-27,170863,-8,1728,-37,5247,-182,2115,-8,-7208,234,341300,0,0
Afwyking %,11,-13,16,-16,1,-14,2,-35,6,-7,-11,0,0,0,0
5,ORKNEY - 164,Opgegradeer 19992000
Huidige jaar,1669897,176,1199387,34,93923,191,311337,336,29367,75,35884,139,202762,236153,18684
Vorige jaar,1609349,181,1226946,7,30375,214,323781,221,18143,26,10105,87,135278,184674,67493
Afwyking,60548,-5,-27558,27,63548,-23,-12444,115,11224,49,25779,52,67484,51479,-48809
Afwyking %,4,-3,-2,386,209,-11,-4,52,62,188,255,60,50,28,-72
Doelwit,1716179,232,1288292,8,34018,252,362635,299,20321,50,10913,0,0,0,0
Afwyking,-46282,-56,-88905,26,59905,-61,-51298,37,9045,25,24971,139,202762,0,0
Afwyking %,-3,-24,-7,325,176,-24,-14,12,45,50,229,0,0,0,0
6,BRITS - 21,Opgegradeer 19971998
Huidige jaar,1508508,145,1069246,12,51469,158,271189,276,37861,72,78744,215,344082,234836,155798
Vorige jaar,1719861,189,1190806,14,42135,192,338182,345,42608,108,106130,199,283039,245715,132371
Afwyking,-211353,-44,-121560,-2,9334,-34,-66993,-69,-4747,-36,-27386,16,61043,-10878,23427
Afwyking %,-12,-23,-10,-14,22,-18,-20,-20,-11,-33,-26,8,22,-4,18
Doelwit,1838643,181,1250346,18,47190,204,378764,395,47722,104,114620,0,0,0,0
Afwyking,-330135,-36,-181100,-6,4279,-46,-107575,-119,-9861,-32,-35876,215,344082,0,0
Afwyking %,-18,-20,-14,-33,9,-23,-28,-30,-21,-31,-31,0,0,0,0
7,LICHTENBURG - 133,Opgegradeer 19981999
Huidige jaar,797320,82,498904,10,55208,98,199991,676,38208,28,5010,46,99293,120057,32125
Vorige jaar,1099996,108,638245,24,108561,123,276520,684,37408,57,39262,67,118937,146298,47068
Afwyking,-302676,-26,-139340,-14,-53353,-25,-76530,-8,800,-29,-34252,-21,-19644,-26241,-14943
Afwyking %,-28,-24,-22,-58,-49,-20,-28,-1,2,-51,-87,-31,-17,-18,-32
Doelwit,1185748,139,670156,41,121588,158,309702,732,41897,72,42404,0,0,0,0
Afwyking,-388428,-57,-171252,-31,-66381,-60,-109712,-56,-3689,-44,-37394,46,99293,0,0
Afwyking %,-33,-41,-26,-76,-55,-38,-35,-8,-9,-61,-88,0,0,0,0
8,ZEERUST - 291
Huidige jaar,650842,65,441895,5,31343,79,166135,197,13875,26,-2405,64,97771,124716,38480
Vorige jaar,557301,70,408724,1,2967,77,121358,310,20743,37,3510,64,101583,103660,41895
Afwyking,93541,-5,33171,4,28376,2,44777,-113,-6868,-11,-5915,0,-3812,21056,-3416
Afwyking %,17,-7,8,400,956,3,37,-36,-33,-30,-169,0,-4,20,-8
Doelwit,595428,98,429159,4,3323,103,135922,461,23233,45,3791,0,0,0,0
Afwyking,55414,-33,12736,1,28020,-24,30213,-264,-9358,-19,-6196,64,97771,0,0
Afwyking %,9,-34,3,25,843,-23,22,-57,-40,-42,-163,0,0,0,0
Afwyking %,9,-34,3,25,843,-23,22,-57,-40,-42,-163,0,0,0,0
Huidige jaar,22457356,2362,15633523,306,1280016,2644,4149306,4254,416640,1167,977871,1567,2739143,3545120,1034466
Vorige jaar,22313312,2533,16237706,202,745695,2697,4097573,4379,385915,1064,846422,1427,2358397,3215827,1017880
Afwyking,144044,-171,-604183,104,534321,-53,51733,-125,30725,103,131448,140,380746,329293,16586
Afwyking %,1,-7,-4,51,72,-2,1,-3,8,10,16,10,16,10,2
Doelwit,23820416,2973,17049587,296,835176,3181,4589285,4981,432229,1232,914138,0,0,0,0
Afwyking,-1363060,-611,-1416064,10,444839,-537,-439979,-727,-15589,-65,63733,1567,2739143,0,0
Afwyking %,-6,-21,-8,3,53,-17,-10,-15,-4,-5,7,0,0,0,0
1,PRETORIA DIENS - 545
Huidige jaar,3882598,482,2718633,34,251641,397,731060,165,31089,161,150175,80,186933,1092160,90698
Vorige jaar,4405603,586,3075766,23,140748,563,969070,219,35638,235,184382,90,162637,1064591,76321
Afwyking,-523005,-104,-357132,11,110894,-166,-238010,-54,-4549,-74,-34207,-10,24296,27569,14377
Afwyking %,-12,-18,-12,48,79,-29,-25,-25,-13,-31,-19,-11,15,3,19
Doelwit,4711597,586,3229556,44,157637,542,1085358,333,39913,268,199133,0,0,0,0
Afwyking,-828999,-104,-510923,-10,94005,-145,-354299,-168,-8825,-107,-48958,80,186933,0,0
Afwyking %,-18,-18,-16,-23,60,-27,-33,-50,-22,-40,-25,0,0,0,0
2,PRETORIA-OOS - 547
Huidige jaar,3617528,345,2558041,62,141136,571,712607,50,6810,177,198935,44,93584,319232,28847
Vorige jaar,3376100,344,2303274,47,153938,540,738145,81,8675,167,172068,11,77216,238001,7399
Afwyking,241428,1,254767,15,-12802,31,-25538,-31,-1866,10,26867,33,16368,81231,21448
Afwyking %,7,0,11,32,-8,6,-3,-38,-22,6,16,300,21,34,290
Doelwit,3613119,408,2418440,89,172411,662,826720,52,9715,205,185833,0,0,0,0
Afwyking,4409,-63,139601,-27,-31275,-91,-114113,-2,-2905,-28,13102,44,93584,0,0
Afwyking %,0,-15,6,-30,-18,-14,-14,-4,-30,-14,7,0,0,0,0
3,PRETORIA NOORD - 490
Huidige jaar,3176836,248,2287614,42,121179,350,608898,175,20495,181,138650,37,63030,266394,38832
Vorige jaar,2994056,258,2130971,37,108892,363,598772,143,15485,190,139937,52,76457,203234,49898
Afwyking,182780,-10,156643,5,12287,-13,10126,32,5010,-9,-1287,-15,-13427,63160,-11066
Afwyking %,6,-4,7,14,11,-4,2,22,32,-5,-1,-29,-18,31,-22
Doelwit,3198575,298,2237519,43,121958,417,670625,180,17342,224,151132,0,0,0,0
Afwyking,-21739,-50,50096,-1,-779,-67,-61727,-5,3153,-43,-12482,37,63030,0,0
Afwyking %,-1,-17,2,-2,-1,-16,-9,-3,18,-19,-8,0,0,0,0
4,SOSHANGUVE - 205,Opgegradeer 19971998
Huidige jaar,3109882,252,2369513,12,73841,214,620539,217,22045,156,23944,212,338920,462328,160899
Vorige jaar,3233915,293,2443089,23,131784,263,656167,135,14780,7,-11904,244,446024,444369,180972
Afwyking,-124034,-41,-73576,-11,-57943,-49,-35629,82,7265,149,35848,-32,-107104,17959,-20073
Afwyking %,-4,-14,-3,-48,-44,-19,-5,61,49,2129,-301,-13,-24,4,-11
Doelwit,3451446,289,2565243,19,147596,252,734908,98,16555,155,-12856,0,0,0,0
Afwyking,-341565,-37,-195731,-7,-73755,-38,-114370,119,5491,1,36801,212,338920,0,0
Afwyking %,-10,-13,-8,-37,-50,-15,-16,121,33,1,0,0,0,0,0
5,TEMBA - 107
Huidige jaar,2346018,196,1784932,8,45104,172,481855,114,11328,128,22800,266,422274,361558,170230
Vorige jaar,2031553,185,1563217,7,51105,159,398100,90,10447,63,8684,294,460866,307376,142158
Afwyking,314465,11,221715,1,-6001,13,83755,24,882,65,14115,-28,-38592,54181,28072
Afwyking %,15,6,14,14,-12,8,21,27,8,103,163,-10,-8,18,20
Doelwit,2165568,176,1641379,11,57238,160,445872,234,11700,139,9380,0,0,0,0
Afwyking,180450,20,143553,-3,-12134,12,35983,-120,-371,-11,13420,266,422274,0,0
Afwyking %,8,11,9,-27,-21,8,8,-51,-3,-8,143,0,0,0,0
6,MIDDELBURG TVL - 144
Huidige jaar,2339026,242,1653344,29,89637,300,408451,326,55424,123,132170,37,85985,345537,20871
Vorige jaar,3086944,391,2367095,41,114315,435,434976,278,44149,124,126410,48,112253,325271,29998
Afwyking,-747919,-149,-713751,-12,-24678,-135,-26524,48,11275,-1,5760,-11,-26269,20266,-9127
Afwyking %,-24,-38,-30,-29,-22,-31,-6,17,26,-1,5,-23,-23,6,-30
Doelwit,3286630,354,2485451,30,128034,397,487173,342,49448,176,136524,0,0,0,0
Afwyking,-947604,-112,-832107,-1,-38397,-97,-78722,-16,5976,-53,-4354,37,85985,0,0
Afwyking %,-29,-32,-33,-3,-30,-24,-16,-5,12,-30,-3,0,0,0,0
7,MAMELODI - 495
Huidige jaar,2126230,173,1519788,12,63381,151,468088,149,23318,113,51654,387,590969,297694,236284
Vorige jaar,1764896,170,1298518,13,92113,141,316683,258,22925,102,34658,394,674700,255917,263084
Afwyking,361333,3,221270,-1,-28732,10,151405,-109,394,11,16996,-7,-83731,41778,-26800
Afwyking %,20,2,17,-8,-31,7,48,-42,2,11,49,-2,-12,16,-10
Doelwit,1884403,227,1363445,5,103168,187,354683,160,25676,128,37432,0,0,0,0
Afwyking,241827,-54,156343,7,-39787,-36,113405,-11,-2358,-15,14223,387,590969,0,0
Afwyking %,13,-24,11,140,-39,-19,32,-7,-9,-12,38,0,0,0,0
8,CENTURION - 58
Huidige jaar,1923290,190,1365778,7,26832,298,400505,79,10976,115,119199,35,83812,146089,27156
Vorige jaar,1060445,123,812625,12,21139,190,149024,37,4196,76,73460,0,0,60292,0
Afwyking,862845,67,553154,-5,5693,108,251481,42,6780,39,45739,35,83812,85797,27156
Afwyking %,81,54,68,-42,27,57,169,114,162,51,62,0,0,142,0
Doelwit,1127880,94,853257,9,23676,142,166908,13,4702,57,79337,0,0,0,0
Afwyking,795410,96,512521,-2,3156,156,233597,66,6275,58,39862,35,83812,0,0
Afwyking %,71,102,60,-22,13,110,140,508,133,102,50,0,0,0,0
9,WITBANK - 267
Huidige jaar,1631161,176,1155152,17,84996,250,280583,269,43595,75,66835,383,619056,217672,277285
Vorige jaar,1765072,177,1246366,11,38150,267,380445,301,43094,77,57018,162,297931,225905,105612
Afwyking,-133912,-1,-91215,6,46847,-17,-99862,-32,501,-2,9817,221,321125,-8233,171673
Afwyking %,-8,-1,-7,55,123,-6,-26,-11,1,-3,17,136,108,-4,163
Doelwit,1887352,201,1308685,16,42727,277,426097,273,48263,77,61579,0,0,0,0
Afwyking,-256191,-25,-153534,1,42269,-27,-145514,-4,-4668,-2,5256,383,619056,0,0
Afwyking %,-14,-12,-12,6,99,-10,-34,-1,-10,-3,9,0,0,0,0
10,PRETORIA MOOT - 480
Huidige jaar,1418017,159,1077872,18,42388,241,212238,70,7661,108,77857,96,186671,114254,77465
Vorige jaar,1397796,167,1018776,22,70823,242,223727,70,6967,104,77504,38,89544,108262,29032
Afwyking,20221,-8,59097,-4,-28435,-1,-11489,0,695,4,353,58,97126,5992,48433
Afwyking %,1,-5,6,-18,-40,0,-5,0,10,4,0,153,108,6,167
Doelwit,1491117,157,1069716,33,79321,220,250575,92,7801,108,83704,0,0,0,0
Afwyking,-73100,2,8156,-15,-36932,21,-38338,-22,-139,0,-5847,96,186671,0,0
Afwyking %,-5,1,1,-45,-47,10,-15,-24,-2,0,-7,0,0,0,0
11,PTA KLIENTE DIENS - 444
Huidige jaar,971031,67,668018,12,69205,69,201145,1,333,48,32330,488,761631,45002,336489
Vorige jaar,1096375,76,718463,13,97733,76,239158,3,833,58,40188,416,705856,58366,317020
Afwyking,-125345,-9,-50445,-1,-28529,-7,-38013,-2,-500,-10,-7858,72,55775,-13364,19468
Afwyking %,-11,-12,-7,-8,-29,-9,-16,-67,-60,-17,-20,17,8,-23,6
Doelwit,1176042,55,754387,8,109461,52,267857,4,934,48,43403,0,0,0,0
Afwyking,-205011,12,-86369,4,-40256,17,-66712,-3,-601,0,-11073,488,761631,0,0
Afwyking %,-17,22,-11,50,-37,33,-25,-75,-64,0,-26,0,0,0,0
12,BRONKHORSTSPRUIT 1 - 22,Opgegradeer 19971998
Huidige jaar,945964,80,703209,2,14551,88,176478,99,16145,56,35582,0,0,93673,735
Vorige jaar,953240,88,745377,2,19933,101,134068,92,19192,58,34670,0,0,150125,1279
Afwyking,-7276,-8,-42168,0,-5382,-13,42410,7,-3047,-2,912,0,0,-56451,-544
Afwyking %,-1,-9,-6,0,-27,-13,32,8,-16,-3,3,0,0,-38,-43
Doelwit,1014068,72,782646,0,22326,73,150156,89,21496,31,37444,0,0,0,0
Afwyking,-68104,8,-79437,2,-7775,15,26322,10,-5351,25,-1862,0,0,0,0
Afwyking %,-7,11,-10,0,-35,21,18,11,-25,81,-5,0,0,0,0
Afwyking %,-7,11,-10,0,-35,21,18,11,-25,81,-5,0,0,0,0
Huidige jaar,27487580,2610,19861894,255,1023889,3101,5302445,1714,249220,1441,1050131,2065,3432864,3761593,1465791
Vorige jaar,27165996,2858,19723536,251,1040672,3340,5238333,1707,226380,1261,937075,1749,3103485,3441708,1202773
Afwyking,321584,-248,138359,4,-16783,-239,64112,7,22839,180,113057,316,329379,319885,263018
Afwyking %,1,-9,1,2,-2,-7,1,0,10,14,12,18,11,9,22
Doelwit,29007797,2917,20709724,307,1165551,3381,5866933,1870,253545,1616,1012044,0,0,0,0
Afwyking,-1520217,-307,-847830,-52,-141661,-280,-564488,-156,-4325,-175,38087,2065,3432864,0,0
Afwyking %,-6,-11,-4,-17,-12,-8,-10,-8,-2,-11,4,0,0,0,0
1,PIETERSBURG - 188,Opgegradeer 19992000
Huidige jaar,7343411,566,4775371,78,439456,563,1530933,1472,135731,366,461919,365,705365,1112343,292334
Vorige jaar,6607074,547,4238771,71,378953,570,1408793,1555,146584,355,433973,291,561525,890546,237865
Afwyking,736337,19,536600,7,60503,-7,122140,-83,-10853,11,27946,74,143840,221797,54469
Afwyking %,11,3,13,10,16,-1,9,-5,-7,3,6,25,26,25,23
Doelwit,7085847,613,4450710,76,424425,601,1577847,1200,164173,412,468692,0,0,0,0
Afwyking,257564,-47,324662,2,15031,-38,-46914,272,-28442,-46,-6773,365,705365,0,0
Afwyking %,4,-8,7,3,4,-6,-3,23,-17,-11,-1,0,0,0,0
2,NELSPRUIT - 156
Huidige jaar,4160831,362,2806010,16,98434,379,987686,387,76885,246,191816,67,102574,721596,41765
Vorige jaar,4475772,409,3036555,18,108626,435,1029054,407,76453,299,225084,56,97073,718515,49114
Afwyking,-314941,-47,-230546,-2,-10193,-56,-41368,-20,433,-53,-33268,11,5500,3081,-7348
Afwyking %,-7,-11,-8,-11,-9,-13,-4,-5,1,-18,-15,20,6,0,-15
Doelwit,4791298,477,3188381,37,121660,489,1152539,483,85627,306,243091,0,0,0,0
Afwyking,-630467,-115,-382371,-21,-23226,-110,-164853,-96,-8742,-60,-51275,67,102574,0,0
Afwyking %,-13,-24,-12,-57,-19,-22,-14,-20,-10,-20,-21,0,0,0,0
3,TZANEEN - 224
Huidige jaar,2379095,181,1582469,15,95541,184,537686,711,71602,123,91796,80,133774,371405,63446
Vorige jaar,2485144,200,1696700,11,69163,219,556151,733,80129,137,83000,110,187170,376196,72312
Afwyking,-106049,-19,-114231,4,26378,-35,-18465,-22,-8527,-14,8796,-30,-53397,-4790,-8866
Afwyking %,-4,-10,-7,36,38,-16,-3,-3,-11,-10,11,-27,-29,-1,-12
Doelwit,2661274,213,1781534,22,77464,223,622890,656,89746,161,89640,0,0,0,0
Afwyking,-282179,-32,-199064,-7,18078,-39,-85204,55,-18143,-38,2156,80,133774,0,0
Afwyking %,-11,-15,-11,-32,23,-17,-14,8,-20,-24,2,0,0,0,0
4,LOUIS TRICHARDT - 519,Opgegradeer 19992000
Huidige jaar,2103786,193,1393747,14,77944,189,475386,817,85180,134,71530,9,15978,336451,7162
Vorige jaar,2469517,224,1666404,19,118096,241,502413,1044,97385,169,85219,0,0,353615,7889
Afwyking,-365731,-31,-272657,-5,-40153,-52,-27028,-227,-12205,-35,-13689,9,15978,-17164,-727
Afwyking %,-15,-14,-16,-26,-34,-22,-5,-22,-13,-21,-16,0,0,-5,-9
Doelwit,2645802,193,1749724,24,132268,215,562704,1146,109070,155,92037,0,0,0,0
Afwyking,-542016,0,-355977,-10,-54324,-26,-87318,-329,-23890,-21,-20507,9,15978,0,0
Afwyking %,-20,0,-20,-42,-41,-12,-16,-29,-22,-14,-22,0,0,0,0
5,GROBLERSDAL - 74,Opgegradeer 19981999
Huidige jaar,1793012,217,1420028,12,76340,155,264224,358,32354,106,66,71,121438,325863,88063
Vorige jaar,1218369,116,940118,4,19604,116,233921,389,29576,80,-4849,58,106058,243803,77921
Afwyking,574643,101,479910,8,56736,39,30303,-31,2778,26,4916,13,15380,82060,10142
Afwyking %,47,87,51,200,289,34,13,-8,9,33,-101,22,15,34,13
Doelwit,1302891,176,987124,7,21957,171,261989,443,33125,144,-1304,0,0,0,0
Afwyking,490121,41,432904,5,54383,-16,2235,-85,-772,-38,1370,71,121438,0,0
Afwyking %,38,23,44,71,248,-9,1,-19,-2,-26,0,0,0,0,0
6,GIYANI - 76
Huidige jaar,1661130,113,1073853,5,32173,132,449196,604,52313,63,53595,77,177105,228397,79610
Vorige jaar,1234039,104,807097,5,28289,157,351623,587,45231,2,1800,85,163823,106835,72999
Afwyking,427091,9,266757,0,3884,-25,97574,17,7082,61,51795,-8,13282,121562,6611
Afwyking %,35,9,33,0,14,-16,28,3,16,3050,2878,-9,8,114,9
Doelwit,1325558,106,847453,4,31684,194,393818,681,50660,59,1944,0,0,0,0
Afwyking,335572,7,226400,1,490,-62,55378,-77,1653,4,51651,77,177105,0,0
Afwyking %,25,7,27,25,2,-32,14,-11,3,7,2657,0,0,0,0
7,POTGIETERSRUS - 183,Opgegradeer 19971998
Huidige jaar,1558366,140,1088748,8,29852,132,280877,639,71421,86,87468,133,211252,273083,107553
Vorige jaar,1499892,141,1056584,10,32739,144,257766,604,57464,87,95340,196,303161,250746,121056
Afwyking,58473,-1,32164,-2,-2888,-12,23111,35,13957,-1,-7872,-63,-91909,22337,-13503
Afwyking %,4,-1,3,-20,-9,-8,9,6,24,-1,-8,-32,-30,9,-11
Doelwit,1602108,148,1109414,5,36668,146,288698,489,64361,101,102967,0,0,0,0
Afwyking,-43742,-8,-20666,3,-6816,-14,-7821,150,7061,-15,-15499,133,211252,0,0
Afwyking %,-3,-5,-2,60,-19,-10,-3,31,11,-15,-15,0,0,0,0
8,BURGERSFORT - 17
Huidige jaar,1359546,128,947223,12,76541,131,260856,311,43232,40,31694,326,589146,232349,281179
Vorige jaar,1174515,136,865632,6,40037,134,208962,348,37874,29,22010,192,349469,207042,156565
Afwyking,185031,-8,81591,6,36504,-3,51894,-37,5358,11,9684,134,239677,25307,124614
Afwyking %,16,-6,9,100,91,-2,25,-11,14,38,44,70,69,12,80
Doelwit,1253984,116,908914,10,44842,119,234039,364,42420,29,23771,0,0,0,0
Afwyking,105562,12,38309,2,31699,12,26818,-53,812,11,7924,326,589146,0,0
Afwyking %,8,10,4,20,71,10,11,-15,2,38,33,0,0,0,0
9,NABOOMSPRUIT - 154
Huidige jaar,635413,81,446961,13,50869,84,97140,214,18892,24,21550,42,77293,95220,24754
Vorige jaar,587310,74,408678,6,21925,90,113554,277,15503,32,27650,13,19709,41212,6415
Afwyking,48103,7,38284,7,28944,-6,-16413,-63,3389,-8,-6100,29,57584,54008,18339
Afwyking %,8,9,9,117,132,-7,-14,-23,22,-25,-22,223,292,131,286
Doelwit,628072,82,429112,6,24556,81,127178,192,17363,39,29862,0,0,0,0
Afwyking,7341,-1,17850,7,26313,3,-30038,22,1529,-15,-8312,42,77293,0,0
Afwyking %,1,-1,4,117,107,4,-24,11,9,-38,-28,0,0,0,0
Afwyking %,1,-1,4,117,107,4,-24,11,9,-38,-28,0,0,0,0
Huidige jaar,22994590,1981,15534410,173,977150,1949,4883985,5513,587610,1188,1011435,1170,2133925,3696707,985866
Vorige jaar,21751633,1951,14716538,150,817434,2106,4662237,5944,586198,1190,969226,1001,1787990,3188508,802136
Afwyking,1242957,30,817872,23,159716,-157,221748,-431,1412,-2,42209,169,345935,508198,183730
Afwyking %,6,2,6,15,20,-7,5,-7,0,0,4,17,19,16,23
Doelwit,23296834,2124,15452365,191,915522,2239,5221702,5654,656545,1406,1050700,0,0,0,0
Afwyking,-302244,-143,82046,-18,61628,-290,-337717,-141,-68935,-218,-39265,1170,2133925,0,0
Afwyking %,-1,-7,1,-9,7,-13,-6,-2,-10,-16,-4,0,0,0,0
1,UPINGTON - 112
Huidige jaar,1511652,159,915901,28,206342,201,299518,286,37453,99,52438,196,318744,237029,132612
Vorige jaar,1343297,143,808918,24,163062,210,288078,520,38868,90,44370,26,39713,200142,78329
Afwyking,168356,16,106983,4,43280,-9,11439,-234,-1414,9,8068,170,279031,36887,54283
Afwyking %,13,11,13,17,27,-4,4,-45,-4,10,18,654,703,18,69
Doelwit,1446095,157,849364,31,182632,196,322648,374,43531,102,47920,0,0,0,0
Afwyking,65557,2,66537,-3,23711,5,-23131,-88,-6078,-3,4518,196,318744,0,0
Afwyking %,5,1,8,-10,13,3,-7,-24,-14,-3,9,0,0,0,0
2,MAFIKENG - 140
Huidige jaar,1398137,155,900389,12,50702,143,359894,440,30758,105,56394,97,114973,131061,27817
Vorige jaar,1854280,206,1164674,20,127198,196,422333,880,44512,132,95562,208,266372,259065,69477
Afwyking,-456144,-51,-264285,-8,-76496,-53,-62439,-440,-13754,-27,-39168,-111,-151399,-128004,-41660
Afwyking %,-25,-25,-23,-40,-60,-27,-15,-50,-31,-20,-41,-53,-57,-49,-60
Doelwit,1991445,249,1222907,34,142463,231,473015,1017,49853,147,103207,0,0,0,0
Afwyking,-593308,-94,-322518,-22,-91761,-88,-113121,-577,-19095,-42,-46813,97,114973,0,0
Afwyking %,-30,-38,-26,-65,-64,-38,-24,-57,-38,-29,-45,0,0,0,0
3,KURUMAN - 119
Huidige jaar,1214088,109,672302,34,210724,115,244066,296,28080,76,58916,109,176373,191137,66539
Vorige jaar,1157235,123,654904,30,186854,137,219943,378,28663,85,66871,17,22170,193317,53183
Afwyking,56852,-14,17398,4,23870,-22,24123,-82,-583,-9,-7955,92,154203,-2180,13355
Afwyking %,5,-11,3,13,13,-16,11,-22,-2,-11,-12,541,696,-1,25
Doelwit,1247590,131,687650,32,209279,153,246336,463,32104,96,72221,0,0,0,0
Afwyking,-33502,-22,-15349,2,1445,-38,-2270,-167,-4024,-20,-13305,109,176373,0,0
Afwyking %,-3,-17,-2,6,1,-25,-1,-36,-13,-21,-18,0,0,0,0
4,HARTSWATER 1 - 31,Opgegradeer 19981999
Huidige jaar,1125074,131,793859,15,34176,141,222088,641,34109,92,40842,238,349370,89907,115229
Vorige jaar,1194627,119,654041,46,203671,119,225996,1060,56153,98,54768,179,247232,189489,103113
Afwyking,-69554,12,139818,-31,-169494,22,-3908,-419,-22043,-6,-13926,59,102138,-99582,12116
Afwyking %,-6,10,21,-67,-83,18,-2,-40,-39,-6,-25,33,41,-53,12
Doelwit,1290011,150,686744,48,228110,158,253117,824,62891,114,59148,0,0,0,0
Afwyking,-164937,-19,107115,-33,-193934,-17,-31029,-183,-28782,-22,-18307,238,349370,0,0
Afwyking %,-13,-13,16,-69,-85,-11,-12,-22,-46,-19,-31,0,0,0,0
5,VRYBURG - 247
Huidige jaar,655553,62,359096,20,131991,69,133399,296,31628,46,-560,66,137739,133695,56138
Vorige jaar,674397,73,388556,16,85440,77,167779,487,30167,61,2454,45,82911,133519,33812
Afwyking,-18843,-11,-29460,4,46551,-8,-34380,-191,1461,-15,-3014,21,54828,177,22326
Afwyking %,-3,-15,-8,25,54,-10,-20,-39,5,-25,-123,47,66,0,66
Doelwit,728027,76,407983,15,95694,76,187912,479,33787,59,2650,0,0,0,0
Afwyking,-72474,-14,-48887,5,36297,-7,-54513,-183,-2159,-13,-3210,66,137739,0,0
Afwyking %,-10,-18,-12,33,38,-9,-29,-38,-6,-22,-121,0,0,0,0
6,SCHWEIZER RENEKE - 200
Huidige jaar,603916,73,400897,1,3171,87,150884,530,33207,37,15758,6,7079,70370,24426
Vorige jaar,514316,63,268838,13,70870,65,129181,486,18513,46,26915,133,152615,89785,51641
Afwyking,89600,10,132059,-12,-67699,22,21703,44,14694,-9,-11157,-127,-145536,-19415,-27215
Afwyking %,17,16,49,-92,-96,34,17,9,79,-20,-41,-95,-95,-22,-53
Doelwit,556140,89,282280,17,79376,97,144682,372,20735,45,29068,0,0,0,0
Afwyking,47776,-16,118617,-16,-76205,-10,6202,158,12472,-8,-13311,6,7079,0,0
Afwyking %,9,-18,42,-94,-96,-10,4,42,60,-18,-46,0,0,0,0
7,DELAREYVILLE - 201
Huidige jaar,498034,56,300789,13,60844,48,100017,754,32000,28,4384,77,119558,95508,22941
Vorige jaar,451865,43,234021,5,37228,41,135943,902,34981,35,9692,32,56779,72697,17161
Afwyking,46168,13,66767,8,23616,7,-35926,-148,-2981,-7,-5308,45,62779,22811,5779
Afwyking %,10,30,29,160,63,17,-26,-16,-9,-20,-55,141,111,31,34
Doelwit,489322,43,245722,7,41697,44,152256,876,39180,29,10467,0,0,0,0
Afwyking,8712,13,55067,6,19148,4,-52239,-122,-7180,-1,-6083,77,119558,0,0
Afwyking %,2,30,22,86,46,9,-34,-14,-18,-3,-58,0,0,0,0
8,POSTMASBURG - 182
Huidige jaar,470678,39,288302,22,96944,54,66403,195,13276,28,5753,35,54403,74507,18117
Vorige jaar,418708,40,250946,18,66589,49,64383,301,17756,22,19035,4,6869,54646,19579
Afwyking,51970,-1,37356,4,30356,5,2021,-106,-4480,6,-13282,31,47535,19860,-1462
Afwyking %,12,-3,15,22,46,10,3,-35,-25,27,-70,775,692,36,-7
Doelwit,450627,29,263492,9,74581,36,72110,190,19886,16,20558,0,0,0,0
Afwyking,20051,10,24809,13,22364,18,-5707,5,-6610,12,-14805,35,54403,0,0
Afwyking %,4,34,9,144,30,50,-8,3,-33,75,-72,0,0,0,0
9,WOLMARANSSTAD - 264
Huidige jaar,383832,49,246573,19,36040,52,82180,235,14369,33,4670,24,25250,78134,7886
Vorige jaar,346307,48,214378,5,31316,50,82895,327,12939,29,4778,33,38834,59374,9798
Afwyking,37525,1,32195,14,4724,2,-715,-92,1430,4,-108,-9,-13584,18760,-1912
Afwyking %,11,2,15,280,15,4,-1,-28,11,14,-2,-27,-35,32,-20
Doelwit,372664,58,225097,9,35074,62,92840,261,14493,33,5160,0,0,0,0
Afwyking,11168,-9,21476,10,966,-10,-10660,-26,-124,0,-490,24,25250,0,0
Afwyking %,3,-16,10,111,3,-16,-11,-10,-1,0,-9,0,0,0,0
10,CHRISTIANA - 30
Huidige jaar,371700,47,250402,5,25119,64,68149,417,18389,28,9641,37,45188,43413,17343
Vorige jaar,159949,27,99464,3,6260,34,39500,315,12205,3,2520,26,29604,19096,5412
Afwyking,211750,20,150938,2,18859,30,28649,102,6183,25,7121,11,15584,24318,11931
Afwyking %,132,74,152,67,301,88,73,32,51,833,283,42,53,127,220
Doelwit,172080,38,104437,5,7011,48,44239,409,13671,6,2722,0,0,0,0
Afwyking,199620,9,145965,0,18108,16,23910,8,4718,22,6920,37,45188,0,0
Afwyking %,116,24,140,0,258,33,54,2,35,367,254,0,0,0,0
11,WARRENTON - 261 200909
Huidige jaar,0,0,0,0,0,0,0,0,0,0,0,0,0,0,0
Vorige jaar,23773,2,14780,2,3929,3,2673,53,2042,1,350,0,0,1917,-3325
Afwyking,-23773,-2,-14780,-2,-3929,-3,-2673,-53,-2042,-1,-350,0,0,-1917,3325
Afwyking %,-100,-100,-100,-100,-100,-100,-100,-100,-100,-100,-100,0,0,-100,-100
Doelwit,25579,13,15519,7,4401,15,2994,228,2287,10,378,0,0,0,0
Afwyking,-25579,-13,-15519,-7,-4401,-15,-2994,-228,-2287,-10,-378,0,0,0,0
Afwyking %,-100,-100,-100,-100,-100,-100,-100,-100,-100,-100,-100,0,0,0,0
Afwyking %,-100,-100,-100,-100,-100,-100,-100,-100,-100,-100,-100,0,0,0,0
Huidige jaar,8232663,880,5128508,169,856054,974,1726598,4090,273269,572,248235,885,1348678,1144761,489047
Vorige jaar,8138756,887,4753520,182,982417,981,1778704,5709,296801,602,327315,703,943100,1273047,438182
Afwyking,93907,-7,374988,-13,-126363,-7,-52106,-1619,-23531,-30,-79080,182,405578,-128286,50866
Afwyking %,1,-1,8,-7,-13,-1,-3,-28,-8,-5,-24,26,43,-10,12
Doelwit,8769578,1033,4991195,214,1100316,1116,1992150,5493,332417,657,353499,0,0,0,0
Afwyking,-536915,-153,137313,-45,-244262,-142,-265552,-1403,-59148,-85,-105264,885,1348678,0,0
Afwyking %,-7,-15,3,-21,-22,-13,-13,-26,-18,-13,-30,0,0,0,0
1,GEORGE - 79,Opgegradeer 19981999
Huidige jaar,2143445,417,1676280,13,51486,527,359844,202,23736,84,32100,473,580064,356119,170326
Vorige jaar,2118908,510,1501833,21,92175,600,460065,475,31298,108,33538,377,463500,398428,138196
Afwyking,24537,-93,174447,-8,-40688,-73,-100221,-273,-7562,-24,-1438,96,116564,-42309,32131
Afwyking %,1,-18,12,-38,-44,-12,-22,-57,-24,-22,-4,25,25,-11,23
Doelwit,2266707,547,1576926,31,103236,626,515271,585,35054,134,36221,0,0,0,0
Afwyking,-123262,-130,99354,-18,-51750,-99,-155427,-383,-11318,-50,-4121,473,580064,0,0
Afwyking %,-5,-24,6,-58,-50,-16,-30,-65,-32,-37,-11,0,0,0,0
2,BREDASDORP - 29
Huidige jaar,887343,127,649283,38,61633,160,129072,79,10337,88,37018,147,136998,142189,49141
Vorige jaar,875009,149,643468,37,66316,184,129290,268,6877,104,29058,139,133551,147699,48885
Afwyking,12334,-22,5815,1,-4683,-24,-218,-189,3460,-16,7960,8,3447,-5510,257
Afwyking %,1,-15,1,3,-7,-13,0,-71,50,-15,27,6,3,-4,1
Doelwit,933804,140,675640,36,74274,165,144804,320,7703,136,31383,0,0,0,0
Afwyking,-46461,-13,-26358,2,-12641,-5,-15731,-241,2633,-48,5636,147,136998,0,0
Afwyking %,-5,-9,-4,6,-17,-3,-11,-75,34,-35,18,0,0,0,0
3,WORCESTER - 273
Huidige jaar,752602,101,538703,31,93179,150,94180,85,7975,33,18566,14,20141,128830,59502
Vorige jaar,759215,148,562590,20,57527,202,110038,116,7647,44,21413,0,0,124040,21716
Afwyking,-6613,-47,-23887,11,35652,-52,-15858,-31,328,-11,-2847,14,20141,4790,37786
Afwyking %,-1,-32,-4,55,62,-26,-14,-27,4,-25,-13,0,0,4,174
Doelwit,810083,207,590720,30,64430,246,123241,131,8566,42,23126,0,0,0,0
Afwyking,-57481,-106,-52017,1,28748,-96,-29062,-46,-590,-9,-4560,14,20141,0,0
Afwyking %,-7,-51,-9,3,45,-39,-24,-35,-7,-21,-20,0,0,0,0
4,ROBERTSON - 513
Huidige jaar,708515,98,452657,24,104013,97,140770,54,6711,50,4365,176,219054,116684,47959
Vorige jaar,574650,89,378231,21,93656,94,97642,40,2438,37,2683,159,181346,97415,63611
Afwyking,133866,9,74426,3,10357,3,43128,14,4273,13,1682,17,37708,19269,-15653
Afwyking %,23,10,20,14,11,3,44,35,175,35,63,11,21,20,-25
Doelwit,617028,97,397145,13,104896,103,109361,66,2729,42,2897,0,0,0,0
Afwyking,91487,1,55513,11,-883,-6,31408,-12,3981,8,1468,176,219054,0,0
Afwyking %,15,1,14,85,-1,-6,29,-18,146,19,51,0,0,0,0
5,BEAUFORT WES - 27
Huidige jaar,547215,69,313026,17,101839,80,101386,215,12463,44,18500,94,108466,97201,15240
Vorige jaar,536270,82,320218,21,74569,99,104962,279,14415,56,22106,56,67768,108803,18373
Afwyking,10944,-13,-7191,-4,27270,-19,-3576,-64,-1952,-12,-3606,38,40699,-11602,-3133
Afwyking %,2,-16,-2,-19,37,-19,-3,-23,-14,-21,-16,68,60,-11,-17
Doelwit,577322,63,336228,10,83517,75,117556,289,16146,31,23874,0,0,0,0
Afwyking,-30107,6,-23201,7,18322,5,-16170,-74,-3683,13,-5374,94,108466,0,0
Afwyking %,-5,10,-7,70,22,7,-14,-26,-23,42,-23,0,0,0,0
6,OUDTSHOORN - 162
Huidige jaar,510586,88,389066,3,10254,100,87684,75,7973,41,15609,91,102252,90103,2978
Vorige jaar,977273,284,786996,1,4859,297,166671,53,4789,40,13958,136,155847,197401,30684
Afwyking,-466686,-196,-397930,2,5396,-197,-78987,22,3184,1,1651,-45,-53595,-107297,-27706
Afwyking %,-48,-69,-51,200,111,-66,-47,42,66,3,12,-33,-34,-54,-90
Doelwit,1038896,138,826346,13,5442,146,186670,90,5363,28,15075,0,0,0,0
Afwyking,-528310,-50,-437279,-10,4812,-46,-98986,-15,2610,13,534,91,102252,0,0
Afwyking %,-51,-36,-53,-77,88,-32,-53,-17,49,46,4,0,0,0,0
7,MOSSELBAAI - 617
Huidige jaar,455782,72,347762,3,8186,116,78105,66,4709,29,17020,44,51410,74973,4770
Vorige jaar,597069,89,419231,6,22258,128,130538,64,3751,31,21290,91,131645,88475,30513
Afwyking,-141286,-17,-71469,-3,-14072,-12,-52433,2,958,-2,-4270,-47,-80235,-13502,-25743
Afwyking %,-24,-19,-17,-50,-63,-9,-40,3,26,-6,-20,-52,-61,-15,-84
Doelwit,638517,80,440194,4,24928,116,146201,78,4201,21,22993,0,0,0,0
Afwyking,-182735,-8,-92432,-1,-16742,0,-68096,-12,508,8,-5973,44,51410,0,0
Afwyking %,-29,-10,-21,-25,-67,0,-47,-15,12,38,-26,0,0,0,0
8,CALEDON - 38
Huidige jaar,325205,59,232222,12,23124,72,61022,31,3038,14,5800,0,0,59530,32746
Vorige jaar,533290,96,379259,10,32578,121,105180,55,4592,26,11680,0,0,47802,25080
Afwyking,-208085,-37,-147038,2,-9455,-49,-44158,-24,-1554,-12,-5880,0,0,11729,7666
Afwyking %,-39,-39,-39,20,-29,-40,-42,-44,-34,-46,-50,0,0,25,31
Doelwit,570272,132,398224,20,36487,183,117803,61,5143,15,12614,0,0,0,0
Afwyking,-245067,-73,-166002,-8,-13364,-111,-56781,-30,-2105,-1,-6814,0,0,0,0
Afwyking %,-43,-55,-42,-40,-37,-61,-48,-49,-41,-7,-54,0,0,0,0
9,RIVERSDAL - 516
Huidige jaar,200033,42,146986,0,0,42,44667,21,2638,12,5743,43,42160,18501,11057
Vorige jaar,241632,50,166282,7,26531,60,42411,27,1581,29,4828,30,33440,43268,1065
Afwyking,-41599,-8,-19296,-7,-26531,-18,2256,-6,1057,-17,915,13,8719,-24767,9992
Afwyking %,-17,-16,-12,-100,-100,-30,5,-22,67,-59,19,43,26,-57,938
Doelwit,258800,67,174595,4,29715,73,47503,21,1773,31,5214,0,0,0,0
Afwyking,-58767,-25,-27609,-4,-29715,-31,-2836,0,865,-19,529,43,42160,0,0
Afwyking %,-23,-37,-16,-100,-100,-42,-6,0,49,-61,10,0,0,0,0
10,SWELLENDAM - 213
Huidige jaar,74498,15,53262,1,3280,18,14803,17,994,5,2160,0,0,7100,-278
Vorige jaar,274989,48,160132,7,22137,73,89948,49,2589,3,183,0,0,45528,16500
Afwyking,-200490,-33,-106870,-6,-18857,-55,-75145,-32,-1595,2,1977,0,0,-38428,-16779
Afwyking %,-73,-69,-67,-86,-85,-75,-84,-65,-62,67,1080,0,0,-84,-102
Doelwit,302468,57,168140,10,30486,90,100744,51,2900,8,198,0,0,0,0
Afwyking,-227970,-42,-114878,-9,-27207,-72,-85941,-34,-1906,-3,1962,0,0,0,0
Afwyking %,-75,-74,-68,-90,-89,-80,-85,-67,-66,-38,992,0,0,0,0
Afwyking %,-75,-74,-68,-90,-89,-80,-85,-67,-66,-38,992,0,0,0,0
Huidige jaar,6605226,1088,4799247,142,456994,1362,1111532,845,80573,400,156880,1082,1260545,1091231,393441
Vorige jaar,7488304,1545,5318240,151,492606,1858,1436746,1426,79977,478,160736,988,1167097,1298859,394623
Afwyking,-883078,-457,-518993,-9,-35612,-496,-325214,-581,596,-78,-3856,94,93448,-207628,-1182
Afwyking %,-12,-30,-10,-6,-7,-27,-23,-41,1,-16,-2,10,8,-16,0
Doelwit,8013895,1528,5584156,171,557412,1823,1609154,1692,89578,488,173595,0,0,0,0
Afwyking,-1408669,-440,-784910,-29,-100418,-461,-497622,-847,-9004,-88,-16715,1082,1260545,0,0
Afwyking %,-21,-29,-14,-17,-18,-25,-31,-50,-10,-18,-10,0,0,0,0
1,VEREENIGING - 440
Huidige jaar,4617996,462,3386215,22,101923,555,873380,366,54521,257,201957,355,781126,691872,359107
Vorige jaar,4476640,447,3161509,42,210745,520,840702,282,24208,271,239476,345,678917,641549,244820
Afwyking,141356,15,224706,-20,-108822,35,32678,84,30314,-14,-37519,10,102209,50323,114288
Afwyking %,3,3,7,-48,-52,7,4,30,125,-5,-16,3,15,8,47
Doelwit,4782952,583,3319583,64,236036,718,941586,503,27113,350,258634,0,0,0,0
Afwyking,-164956,-121,66631,-42,-134112,-163,-68206,-137,27408,-93,-56677,355,781126,0,0
Afwyking %,-3,-21,2,-66,-57,-23,-7,-27,101,-27,-22,0,0,0,0
2,VANDERBIJLPARK - 251,Opgegradeer 19981999
Huidige jaar,4587130,503,3504764,25,55367,661,822921,442,67120,289,136958,229,363836,581007,150575
Vorige jaar,4440669,481,3285029,43,187917,614,767269,462,58524,317,141930,214,345372,532158,126276
Afwyking,146461,22,219735,-18,-132550,47,55651,-20,8596,-28,-4971,15,18465,48849,24299
Afwyking %,3,5,7,-42,-71,8,7,-4,15,-9,-4,7,5,9,19
Doelwit,4737920,506,3449280,64,210467,643,859341,325,65547,374,153284,0,0,0,0
Afwyking,-150790,-3,55484,-39,-155100,18,-36421,117,1573,-85,-16326,229,363836,0,0
Afwyking %,-3,-1,2,-61,-74,3,-4,36,2,-23,-11,0,0,0,0
3,SASOLBURG - 218,Opgegradeer 19981999
Huidige jaar,2051401,210,1341131,28,134069,243,410732,291,28984,156,136485,38,56695,261678,26366
Vorige jaar,1680875,195,1161555,24,79221,229,312832,340,26444,129,100824,57,97423,226356,24304
Afwyking,370526,15,179576,4,54849,14,97901,-49,2541,27,35661,-19,-40728,35322,2062
Afwyking %,22,8,15,17,69,6,31,-14,10,21,35,-33,-42,16,8
Doelwit,1797238,223,1219634,22,88726,264,350372,358,29616,141,108890,0,0,0,0
Afwyking,254163,-13,121497,6,45343,-21,60360,-67,-632,15,27595,38,56695,0,0
Afwyking %,14,-6,10,27,51,-8,17,-19,-2,11,25,0,0,0,0
4,SPRINGS - 206
Huidige jaar,1290093,177,942285,8,36176,173,257066,87,11607,61,42960,109,149569,181120,72385
Vorige jaar,1430978,193,1034403,17,58397,203,253834,227,24571,92,59772,212,345839,252169,134452
Afwyking,-140885,-16,-92118,-9,-22222,-30,3231,-140,-12964,-31,-16812,-103,-196270,-71049,-62067
Afwyking %,-10,-8,-9,-53,-38,-15,1,-62,-53,-34,-28,-49,-57,-28,-46
Doelwit,1527900,234,1086124,15,65405,265,284296,308,27521,130,64554,0,0,0,0
Afwyking,-237807,-57,-143839,-7,-29229,-92,-27231,-221,-15914,-69,-21594,109,149569,0,0
Afwyking %,-16,-24,-13,-47,-45,-35,-10,-72,-58,-53,-33,0,0,0,0
5,SECUNDA - 524
Huidige jaar,1206014,136,805615,30,112138,146,246495,159,22796,58,18970,12,18035,119784,20504
Vorige jaar,1284244,144,851691,31,83929,164,287244,221,21861,70,39519,32,69277,126161,22970
Afwyking,-78231,-8,-46077,-1,28209,-18,-40748,-62,935,-12,-20549,-20,-51242,-6377,-2466
Afwyking %,-6,-6,-5,-3,34,-11,-14,-28,4,-17,-52,-63,-74,-5,-11
Doelwit,1377154,216,894276,35,94001,220,321712,243,24485,128,42681,0,0,0,0
Afwyking,-171140,-80,-88661,-5,18137,-74,-75217,-84,-1690,-70,-23711,12,18035,0,0
Afwyking %,-12,-37,-10,-14,19,-34,-23,-35,-7,-55,-56,0,0,0,0
6,PARYS - 170
Huidige jaar,992524,118,716804,20,62732,142,172767,124,12211,63,28010,40,76178,157525,16720
Vorige jaar,798254,102,554314,23,100761,123,104632,195,13017,54,25530,77,150915,130107,30979
Afwyking,194270,16,162490,-3,-38029,19,68136,-71,-807,9,2480,-37,-74737,27418,-14259
Afwyking %,24,16,29,-13,-38,15,65,-36,-6,17,10,-48,-50,21,-46
Doelwit,854221,119,582032,17,112851,140,117188,170,14578,61,27572,0,0,0,0
Afwyking,138303,-1,134772,3,-50119,2,55580,-46,-2367,2,438,40,76178,0,0
Afwyking %,16,-1,23,18,-44,1,47,-27,-16,3,2,0,0,0,0
7,NIGEL - 152
Huidige jaar,931900,94,654603,12,47963,125,160568,118,9656,55,59110,48,84814,83504,22653
Vorige jaar,673896,65,437034,19,81219,95,120454,116,12037,46,23152,47,98410,60896,40211
Afwyking,258004,29,217569,-7,-33255,30,40114,2,-2381,9,35958,1,-13595,22608,-17557
Afwyking %,38,45,50,-37,-41,32,33,2,-20,20,155,2,-14,37,-44
Doelwit,723244,78,458887,20,90964,98,134906,165,13483,59,25004,0,0,0,0
Afwyking,208656,16,195716,-8,-43001,27,25662,-47,-3826,-4,34106,48,84814,0,0
Afwyking %,29,21,43,-40,-47,28,19,-28,-28,-7,136,0,0,0,0
8,HEIDELBERG - 82
Huidige jaar,896387,96,579820,21,96552,115,151492,145,9684,50,58839,55,73178,116051,33164
Vorige jaar,885367,95,561267,21,111075,107,144543,118,7902,51,60580,78,106881,118262,28581
Afwyking,11020,1,18553,0,-14524,8,6949,27,1782,-1,-1741,-23,-33703,-2211,4583
Afwyking %,1,1,3,0,-13,7,5,23,23,-2,-3,-29,-32,-2,16
Doelwit,949904,103,589331,20,124404,137,161889,213,8852,52,65426,0,0,0,0
Afwyking,-53517,-7,-9511,1,-27852,-22,-10397,-68,832,-2,-6587,55,73178,0,0
Afwyking %,-6,-7,-2,5,-22,-16,-6,-32,9,-4,-10,0,0,0,0
9,MEYERTON - 523
Huidige jaar,705675,72,491628,8,20910,85,137061,83,7525,36,48550,64,111071,61856,44911
Vorige jaar,362328,40,240182,3,13836,49,87343,58,6817,14,14150,0,0,18356,-3013
Afwyking,343346,32,251446,5,7073,36,49719,25,708,22,34400,64,111071,43500,47924
Afwyking %,95,80,105,167,51,73,57,43,10,157,243,0,0,237,-1591
Doelwit,388429,56,252191,10,15496,66,97823,152,7636,15,15282,0,0,0,0
Afwyking,317246,16,239437,-2,5413,19,39238,-69,-111,21,33268,64,111071,0,0
Afwyking %,82,29,95,-20,35,29,40,-45,-1,140,218,0,0,0,0
10,BETHAL - 13
Huidige jaar,91712,12,65976,0,0,13,21855,10,1681,4,2200,0,0,3125,0
Vorige jaar,283432,36,219296,1,4009,38,49803,13,981,23,9344,0,0,34735,20316
Afwyking,-191720,-24,-153320,-1,-4009,-25,-27947,-3,700,-19,-7144,0,0,-31610,-20316
Afwyking %,-68,-67,-70,-100,-100,-66,-56,-23,71,-83,-76,0,0,-91,-100
Doelwit,301720,26,230260,2,4490,25,55779,26,1099,16,10092,0,0,0,0
Afwyking,-210008,-14,-164284,-2,-4490,-12,-33924,-16,582,-12,-7892,0,0,0,0
Afwyking %,-70,-54,-71,-100,-100,-48,-61,-62,53,-75,-78,0,0,0,0
Afwyking %,-70,-54,-71,-100,-100,-48,-61,-62,53,-75,-78,0,0,0,0
Huidige jaar,17370832,1880,12488841,174,667829,2258,3254338,1825,225785,1029,734039,950,1714502,2257523,746386
Vorige jaar,16316684,1798,11506280,224,931109,2142,2968655,2032,196362,1067,714277,1062,1893033,2140750,669896
Afwyking,1054148,82,982560,-50,-263280,116,285683,-207,29423,-38,19761,-112,-178531,116773,76489
Afwyking %,6,5,9,-22,-28,5,10,-10,15,-4,3,-11,-9,5,11
Doelwit,17440681,2144,12081598,269,1042840,2576,3324894,2463,219930,1326,771419,0,0,0,0
Afwyking,-69849,-264,407242,-95,-375011,-318,-70555,-638,5855,-297,-37381,950,1714502,0,0
Afwyking %,0,-12,3,-35,-36,-12,-2,-26,3,-22,-5,0,0,0,0
1,SOWETO - 216
Huidige jaar,2791143,239,2043480,24,112630,226,553486,174,35343,166,46203,119,195419,396015,127291
Vorige jaar,2246202,216,1632132,17,100309,193,445885,183,29409,147,38467,51,79930,300283,25573
Afwyking,544941,23,411349,7,12321,33,107601,-9,5934,19,7737,68,115488,95732,101718
Afwyking %,24,11,25,41,12,17,24,-5,20,13,20,133,144,32,398
Doelwit,2399956,173,1713738,8,112346,149,499390,54,32936,122,41547,0,0,0,0
Afwyking,391187,66,329743,16,284,77,54096,120,2407,44,4657,119,195419,0,0
Afwyking %,16,38,19,200,0,52,11,222,7,36,11,0,0,0,0
2,KRUGERSDORP - 194
Huidige jaar,2333658,266,1575567,34,146925,331,502115,375,45333,156,63719,205,318381,308777,102055
Vorige jaar,3438958,365,2380616,54,276376,484,662113,383,43823,243,76030,231,428207,478135,178278
Afwyking,-1105300,-99,-805050,-20,-129452,-153,-159998,-8,1509,-87,-12310,-26,-109826,-169358,-76223
Afwyking %,-32,-27,-34,-37,-47,-32,-24,-2,3,-36,-16,-11,-26,-35,-43
Doelwit,3681947,313,2499648,47,309541,405,741565,470,49081,200,82112,0,0,0,0
Afwyking,-1348289,-47,-924081,-13,-162617,-74,-239450,-95,-3748,-44,-18393,205,318381,0,0
Afwyking %,-37,-15,-37,-28,-53,-18,-32,-20,-8,-22,-22,0,0,0,0
3,IKWEZI (SOWETO 2) - 214
Huidige jaar,1531941,172,1138814,16,69516,131,279180,143,23265,99,21166,142,175642,207828,0
Vorige jaar,1064420,101,809917,11,45656,89,173771,117,18652,76,16424,0,0,147909,0
Afwyking,467521,71,328898,5,23860,42,105409,26,4613,23,4742,142,175642,59919,0
Afwyking %,44,70,41,45,52,47,61,22,25,30,29,0,0,41,0
Doelwit,1134799,97,850412,3,51135,84,194624,70,20890,64,17739,0,0,0,0
Afwyking,397142,75,288402,13,18381,47,84556,73,2374,35,3427,142,175642,0,0
Afwyking %,35,77,34,433,36,56,43,104,11,55,19,0,0,0,0
4,ROODEPOORT - 193,Opgegradeer 19971998
Huidige jaar,1140899,114,783151,14,53643,147,229072,71,14674,57,60360,121,218788,187342,95200
Vorige jaar,775688,83,477542,18,73487,82,174562,94,15293,38,34803,42,84757,123518,53384
Afwyking,365211,31,305609,-4,-19844,65,54509,-23,-619,19,25557,79,134031,63823,41816
Afwyking %,47,37,64,-22,-27,79,31,-24,-4,50,73,188,158,52,78
Doelwit,833949,117,501419,18,82305,139,195509,145,17127,60,37588,0,0,0,0
Afwyking,306950,-3,281732,-4,-28663,8,33562,-74,-2453,-3,22772,121,218788,0,0
Afwyking %,37,-3,56,-22,-35,6,17,-51,-14,-5,61,0,0,0,0
5,RANDFONTEIN - 521
Huidige jaar,881503,100,621461,8,39034,122,164127,73,9296,52,47585,29,56135,47043,8951
Vorige jaar,262481,29,184191,3,10885,31,48908,83,5592,20,12905,14,34703,29362,-15866
Afwyking,619022,71,437270,5,28149,91,115219,-10,3704,32,34680,15,21432,17681,24817
Afwyking %,236,245,237,167,259,294,236,-12,66,160,269,107,62,60,-156
Doelwit,280571,134,193401,17,12191,158,54778,245,6263,81,13937,0,0,0,0
Afwyking,600932,-34,428060,-9,26843,-36,109349,-172,3033,-29,33648,29,56135,0,0
Afwyking %,214,-25,221,-53,220,-23,200,-70,48,-36,241,0,0,0,0
6,ROODEPOORT HORIZON - 195
Huidige jaar,676846,79,499846,8,43474,131,90851,38,7010,30,35665,8,17630,51651,0
Vorige jaar,848529,104,634316,8,16706,165,141158,52,8349,41,48000,17,33312,100822,0
Afwyking,-171683,-25,-134470,0,26768,-34,-50307,-14,-1339,-11,-12335,-9,-15682,-49171,0
Afwyking %,-20,-24,-21,0,160,-21,-36,-27,-16,-27,-26,-53,-47,-49,0
Doelwit,904030,91,666031,11,18710,157,158098,35,9352,46,51840,0,0,0,0
Afwyking,-227184,-12,-166185,-3,24764,-26,-67247,3,-2342,-16,-16175,8,17630,0,0
Afwyking %,-25,-13,-25,-27,132,-17,-43,9,-25,-35,-31,0,0,0,0
Afwyking %,-25,-13,-25,-27,132,-17,-43,9,-25,-35,-31,0,0,0,0
Huidige jaar,9355990,970,6662319,104,465222,1088,1818830,874,134920,560,274699,624,981995,1198654,333498
Vorige jaar,8636277,898,6118713,111,523420,1044,1646397,912,121118,565,226629,355,660909,1180029,241371
Afwyking,719713,72,543606,-7,-58199,44,172434,-38,13802,-5,48070,269,321085,18625,92128
Afwyking %,8,8,9,-6,-11,4,10,-4,11,-1,21,76,49,2,38
Doelwit,9235253,925,6424648,104,586228,1092,1843965,1019,135649,573,244764,0,0,0,0
Afwyking,120737,45,237671,0,-121007,-4,-25134,-145,-729,-13,29935,624,981995,0,0
Afwyking %,1,5,4,0,-21,0,-1,-14,-1,-2,12,0,0,0,0
1,BELLVILLE - 630,Opgegradeer 19992000
Huidige jaar,4566521,484,3413272,31,131995,612,842082,239,42291,155,136882,478,839819,771864,436075
Vorige jaar,4744472,570,3707226,30,129180,723,718360,166,23792,248,165914,569,916356,629989,495217
Afwyking,-177950,-86,-293954,1,2816,-111,123722,73,18499,-93,-29033,-91,-76536,141876,-59143
Afwyking %,-4,-15,-8,3,2,-15,17,44,78,-38,-17,-16,-8,23,-12
Doelwit,5047662,600,3892587,55,144679,747,804562,216,26646,300,179187,0,0,0,0
Afwyking,-481141,-116,-479315,-24,-12684,-135,37520,23,15645,-145,-42306,478,839819,0,0
Afwyking %,-10,-19,-12,-44,-9,-18,5,11,59,-48,-24,0,0,0,0
2,MAITLAND - 427,Opgegradeer 19971998
Huidige jaar,3688393,826,2858715,42,206984,860,514800,110,21730,130,86165,178,278687,548713,84557
Vorige jaar,3683392,1094,2794945,44,179923,1007,562040,126,20278,154,126205,102,213681,497462,71110
Afwyking,5001,-268,63769,-2,27060,-147,-47240,-16,1452,-24,-40041,76,65005,51251,13447
Afwyking %,0,-24,2,-5,15,-15,-8,-13,7,-16,-32,75,30,10,19
Doelwit,3924705,1402,2934693,52,201514,1056,629486,92,22710,134,136301,0,0,0,0
Afwyking,-236312,-576,-75979,-10,5470,-196,-114686,18,-980,-4,-50137,178,278687,0,0
Afwyking %,-6,-41,-3,-19,3,-19,-18,20,-4,-3,-37,0,0,0,0
3,PAARL - 185,Opgegradeer 19981999
Huidige jaar,2063489,207,1638024,8,23199,298,311031,212,16601,90,74634,110,185220,298359,98063
Vorige jaar,1825855,201,1429044,7,26441,301,268454,256,15281,115,86636,167,251855,228084,88966
Afwyking,237634,6,208981,1,-3242,-3,42576,-44,1320,-25,-12002,-57,-66635,70275,9097
Afwyking %,13,3,15,14,-12,-1,16,-17,9,-22,-14,-34,-26,31,10
Doelwit,1941460,214,1500496,24,29614,308,300670,290,17114,98,93567,0,0,0,0
Afwyking,122029,-7,137528,-16,-6415,-10,10361,-78,-513,-8,-18933,110,185220,0,0
Afwyking %,6,-3,9,-67,-22,-3,3,-27,-3,-8,-20,0,0,0,0
4,STRAND - 212
Huidige jaar,1996301,281,1567542,53,55381,394,309403,129,17084,87,46890,134,202108,357278,91116
Vorige jaar,1793084,290,1372104,10,28295,411,333855,155,16846,78,41984,122,185408,293091,59424
Afwyking,203216,-9,195439,43,27086,-17,-24452,-26,238,9,4906,12,16700,64187,31692
Afwyking %,11,-3,14,430,96,-4,-7,-17,1,12,12,10,9,22,53
Doelwit,1910526,401,1440708,10,31689,552,373919,147,18868,112,45343,0,0,0,0
Afwyking,85775,-120,126834,43,23692,-158,-64516,-18,-1783,-25,1547,134,202108,0,0
Afwyking %,4,-30,9,430,75,-29,-17,-12,-9,-22,3,0,0,0,0
5,PIKETBERG - 622,Opgegradeer 19981999
Huidige jaar,1903962,294,1346568,57,132231,382,344995,284,20398,221,59769,358,341310,310855,92016
Vorige jaar,1822622,267,1209113,81,230713,333,306654,241,14199,244,61942,319,273797,273884,60275
Afwyking,81340,27,137455,-24,-98482,49,38341,43,6199,-23,-2174,39,67513,36971,31740
Afwyking %,4,10,11,-30,-43,15,13,18,44,-9,-4,12,25,13,53
Doelwit,1954222,328,1269570,78,258399,385,343451,252,15904,270,66898,0,0,0,0
Afwyking,-50260,-34,76999,-21,-126168,-3,1544,32,4494,-49,-7130,358,341310,0,0
Afwyking %,-3,-10,6,-27,-49,-1,0,13,28,-18,-11,0,0,0,0
6,VREDENBURG - 621
Huidige jaar,1730491,222,1186765,61,191354,280,271425,118,14972,112,65974,123,196858,255291,75759
Vorige jaar,959845,159,688270,41,72824,212,149962,196,10613,69,38174,97,190361,137053,70028
Afwyking,770646,63,498495,20,118530,68,121463,-78,4359,43,27800,26,6497,118238,5731
Afwyking %,80,40,72,49,163,32,81,-40,41,62,73,27,3,86,8
Doelwit,1025319,150,722684,17,81563,218,167957,128,11888,77,41228,0,0,0,0
Afwyking,705172,72,464081,44,109791,62,103468,-10,3084,35,24746,123,196858,0,0
Afwyking %,69,48,64,259,135,28,62,-8,26,45,60,0,0,0,0
7,WYNBERG - 429
Huidige jaar,1380438,155,1010418,22,88674,201,246303,75,8496,50,26547,139,201993,237619,34712
Vorige jaar,941476,144,717906,8,22453,173,169643,88,10114,40,21360,210,322162,155547,40157
Afwyking,438962,11,292513,14,66221,28,76660,-13,-1618,10,5187,-71,-120169,82072,-5445
Afwyking %,47,8,41,175,295,16,45,-15,-16,25,24,-34,-37,53,-14
Doelwit,1003344,168,753801,14,25147,235,189999,109,11328,70,23069,0,0,0,0
Afwyking,377094,-13,256617,8,63527,-34,56304,-34,-2832,-20,3478,139,201993,0,0
Afwyking %,38,-8,34,57,253,-14,30,-31,-25,-29,15,0,0,0,0
8,KHAYALITSHA - 123
Huidige jaar,1346139,121,673737,51,250584,114,379242,161,29253,42,13322,520,1046256,169639,453972
Vorige jaar,626421,72,337159,27,148605,73,125045,138,15935,4,-323,373,717900,143883,238295
Afwyking,719719,49,336578,24,101979,41,254198,23,13318,38,13646,147,328356,25756,215677
Afwyking %,115,68,100,89,69,56,203,17,84,950,-4220,39,46,18,91
Doelwit,678505,71,354016,18,166439,70,140049,86,17847,1,153,0,0,0,0
Afwyking,667634,50,319721,33,84145,44,239193,75,11406,41,13169,520,1046256,0,0
Afwyking %,98,70,90,183,51,63,171,87,64,0,8584,0,0,0,0
9,TYGER VALLEY - 631
Huidige jaar,1146186,116,944066,0,0,192,150084,0,0,94,52036,0,0,183513,0
Vorige jaar,0,0,0,0,0,0,0,0,0,0,0,0,0,0,0
Afwyking,1146186,116,944066,0,0,192,150084,0,0,94,52036,0,0,183513,0
Afwyking %,0,0,0,0,0,0,0,0,0,0,0,0,0,0,0
Doelwit,1,0,0,0,0,0,0,0,0,0,0,0,0,0,0
Afwyking,1146185,116,944066,0,0,192,150083,0,0,94,52036,0,0,0,0
Afwyking %,114618500,0,0,0,0,0,0,0,0,0,0,0,0,0,0
10,EERSTERIVIER - 639
Huidige jaar,880933,101,634501,13,44196,100,169105,122,24181,59,8950,240,297433,123652,79360
Vorige jaar,494839,62,345625,10,46593,59,84854,70,10853,18,6915,114,148215,73690,53469
Afwyking,386094,39,288876,3,-2397,41,84251,52,13328,41,2035,126,149218,49962,25892
Afwyking %,78,63,84,30,-5,69,99,74,123,228,29,111,101,68,48
Doelwit,529747,56,362905,8,52183,51,95035,62,12155,47,7468,0,0,0,0
Afwyking,351186,45,271596,5,-7987,49,74070,60,12025,12,1482,240,297433,0,0
Afwyking %,66,80,75,63,-15,96,78,97,99,26,20,0,0,0,0
11,STELLENBOSCH - 211
Huidige jaar,738389,106,584254,4,12152,107,112339,117,13108,29,16536,174,236230,102431,40947
Vorige jaar,897741,197,654090,10,30846,221,181949,197,15609,36,15247,364,479604,131483,128368
Afwyking,-159352,-91,-69836,-6,-18694,-114,-69610,-80,-2501,-7,1289,-190,-243374,-29051,-87420
Afwyking %,-18,-46,-11,-60,-61,-52,-38,-41,-16,-19,8,-52,-51,-22,-68
Doelwit,959072,163,686795,22,34546,181,203783,229,17481,56,16467,0,0,0,0
Afwyking,-220683,-57,-102541,-18,-22394,-74,-91444,-112,-4373,-27,69,174,236230,0,0
Afwyking %,-23,-35,-15,-82,-65,-41,-45,-49,-25,-48,0,0,0,0,0
12,VREDENDAL - 612
Huidige jaar,230416,35,158680,10,28112,49,31211,63,2958,17,9455,1,1440,11107,-3079
Vorige jaar,428966,73,324799,7,13226,84,67217,111,4659,33,19065,0,0,39628,5686
Afwyking,-198551,-38,-166119,3,14885,-35,-36006,-48,-1701,-16,-9610,1,1440,-28521,-8764
Afwyking %,-46,-52,-51,43,113,-42,-54,-43,-37,-48,-50,0,0,-72,-154
Doelwit,456942,76,341040,13,14813,97,75282,122,5217,29,20590,0,0,0,0
Afwyking,-226526,-41,-182360,-3,13298,-48,-44071,-59,-2259,-12,-11135,1,1440,0,0
Afwyking %,-50,-54,-53,-23,90,-49,-59,-48,-43,-41,-54,0,0,0,0
13,CERES - 635
Huidige jaar,205752,30,158755,0,0,34,35180,124,6517,8,5300,68,92953,37516,-222
Vorige jaar,313503,53,244154,3,6151,69,49743,140,6131,14,7323,19,30420,50551,-7268
Afwyking,-107751,-23,-85399,-3,-6151,-35,-14563,-16,386,-6,-2023,49,62533,-13035,7046
Afwyking %,-34,-43,-35,-100,-100,-51,-29,-11,6,-43,-28,258,206,-26,-97
Doelwit,333741,2,256362,1,6890,3,55713,101,6866,1,7910,0,0,0,0
Afwyking,-127989,28,-97606,-1,-6890,31,-20533,23,-349,7,-2610,68,92953,0,0
Afwyking %,-38,1400,-38,-100,-100,1033,-37,23,-5,0,-33,0,0,0,0
14,ATLANTIS - 606
Huidige jaar,0,0,0,0,0,0,0,0,0,0,0,0,0,0,0
Vorige jaar,0,0,0,0,0,0,0,0,0,0,0,0,0,0,0
Afwyking,0,0,0,0,0,0,0,0,0,0,0,0,0,0,0
Afwyking %,0,0,0,0,0,0,0,0,0,0,0,0,0,0,0
Doelwit,1,0,0,0,0,0,0,0,0,0,0,0,0,0,0
Afwyking,-1,0,0,0,0,0,0,0,0,0,0,0,0,0,0
Afwyking %,-100,0,0,0,0,0,0,0,0,0,0,0,0,0,0
Afwyking %,-100,0,0,0,0,0,0,0,0,0,0,0,0,0,0
Huidige jaar,21877408,2978,16175298,352,1164861,3623,3717200,1754,217589,1094,602459,2523,3920307,3407838,1483277
Vorige jaar,18532215,3182,13824435,278,935251,3666,3017776,1884,164310,1053,590443,2456,3729759,2654345,1303727
Afwyking,3345193,-204,2350863,74,229611,-43,699423,-130,53279,41,12016,67,190548,753493,179550
Afwyking %,18,-6,17,27,25,-1,23,-7,32,4,2,3,5,28,14
Doelwit,19765246,3631,14515657,312,1047477,3903,3379907,1834,184023,1195,638182,0,0,0,0
Afwyking,2112162,-653,1659641,40,117384,-280,337292,-80,33566,-101,-35723,2523,3920307,0,0
Afwyking %,10,-18,11,13,11,-7,10,-4,18,-8,-6,0,0,0,0
1,UMTATA - 233,Opgegradeer 19992000
Huidige jaar,10832029,1022,6551247,278,1244655,812,2572906,531,62228,626,400993,118,170848,1778329,75158
Vorige jaar,9448203,966,5533590,204,1044046,743,2457615,1023,82091,568,330860,35,76354,1498306,34708
Afwyking,1383826,56,1017657,74,200608,69,115291,-492,-19863,58,70133,83,94494,280023,40450
Afwyking %,15,6,18,36,19,9,5,-48,-24,10,21,237,124,19,117
Doelwit,10181401,1003,5810270,239,1169332,708,2752529,596,91942,560,357329,0,0,0,0
Afwyking,650628,19,740978,39,75323,104,-179623,-65,-29714,66,43664,118,170848,0,0
Afwyking %,6,2,13,16,6,15,-7,-11,-32,12,12,0,0,0,0
2,OOS LONDEN - 161,Opgegradeer 19971998
Huidige jaar,5263543,555,3362606,111,414333,588,1273641,600,47471,306,165492,269,421131,886773,183131
Vorige jaar,5131102,571,3320447,129,411747,631,1190139,593,35388,335,173381,262,416024,852829,181977
Afwyking,132441,-16,42159,-18,2586,-43,83503,7,12082,-29,-7889,7,5107,33944,1154
Afwyking %,3,-3,1,-14,1,-7,7,1,34,-9,-5,3,1,4,1
Doelwit,5507470,581,3486470,130,461156,622,1332957,342,39636,374,187251,0,0,0,0
Afwyking,-243927,-26,-123865,-19,-46822,-34,-59315,258,7835,-68,-21760,269,421131,0,0
Afwyking %,-4,-4,-4,-15,-10,-5,-4,75,20,-18,-12,0,0,0,0
3,KING WILLIAMS TOWN - 121
Huidige jaar,3291509,326,2017957,70,263150,299,884837,179,27685,279,97879,377,476117,599535,145447
Vorige jaar,3370074,314,1910443,74,288936,307,1044781,275,28940,268,96975,404,564961,547960,156480
Afwyking,-78565,12,107514,-4,-25786,-8,-159943,-96,-1254,11,904,-27,-88844,51575,-11033
Afwyking %,-2,4,6,-5,-9,-3,-15,-35,-4,4,1,-7,-16,9,-7
Doelwit,3636873,339,2005965,101,323608,329,1170154,179,32413,280,104733,0,0,0,0
Afwyking,-345364,-13,11992,-31,-60458,-30,-285316,0,-4728,-1,-6854,377,476117,0,0
Afwyking %,-9,-4,1,-31,-19,-9,-24,0,-15,0,-7,0,0,0,0
4,PORT ELIZABETH DIENS - 330
Huidige jaar,3288621,387,2259395,74,270338,473,599186,167,32226,222,127475,95,118589,483463,39487
Vorige jaar,3145070,371,2195080,72,247915,462,535466,310,25422,230,141187,217,311505,433080,96791
Afwyking,143550,16,64315,2,22423,11,63720,-143,6804,-8,-13712,-122,-192916,50383,-57304
Afwyking %,5,4,3,3,9,2,12,-46,27,-3,-10,-56,-62,12,-59
Doelwit,3363177,398,2304835,86,277664,453,599723,257,28474,229,152482,0,0,0,0
Afwyking,-74556,-11,-45440,-12,-7326,20,-537,-90,3753,-7,-25007,95,118589,0,0
Afwyking %,-2,-3,-2,-14,-3,4,0,-35,13,-3,-16,0,0,0,0
5,GEO H ROGERS (OOS LONDEN) - 632,Opgegradeer 19992000
Huidige jaar,2637781,276,1654373,85,288610,260,554624,448,42190,218,97983,415,676821,500718,250554
Vorige jaar,1855740,194,1125847,46,154343,183,485489,381,35955,150,54105,283,464770,327403,206028
Afwyking,782041,82,528526,39,134267,77,69135,67,6235,68,43878,132,212051,173316,44526
Afwyking %,42,42,47,85,87,42,14,18,17,45,81,47,46,53,22
Doelwit,1997454,242,1182139,56,172864,217,543748,355,40270,162,58433,0,0,0,0
Afwyking,640327,34,472234,29,115746,43,10877,93,1921,56,39550,415,676821,0,0
Afwyking %,32,14,40,52,67,20,2,26,5,35,68,0,0,0,0
6,QUEENSTOWN - 189,Opgegradeer 19992000
Huidige jaar,1593841,182,1075935,11,67379,179,356522,380,60500,61,33505,41,57773,422374,22387
Vorige jaar,1554507,184,1007893,14,69117,182,395900,269,45112,78,36484,56,73686,357200,34489
Afwyking,39335,-2,68042,-3,-1738,-3,-39379,111,15388,-17,-2979,-15,-15913,65174,-12103
Afwyking %,3,-1,7,-21,-3,-2,-10,41,34,-22,-8,-27,-22,18,-35
Doelwit,1669037,185,1058288,16,77411,194,443410,497,50525,76,39403,0,0,0,0
Afwyking,-75196,-3,17648,-5,-10032,-15,-86889,-117,9974,-15,-5897,41,57773,0,0
Afwyking %,-5,-2,2,-31,-13,-8,-20,-24,20,-20,-15,0,0,0,0
7,MACLEAR - 149
Huidige jaar,1212684,102,647936,61,225980,113,275055,416,29633,74,34080,567,959628,221116,224930
Vorige jaar,1092945,113,636970,48,162741,165,234781,352,26927,89,31526,253,404439,116160,176325
Afwyking,119739,-11,10966,13,63239,-52,40274,64,2706,-15,2554,314,555189,104955,48604
Afwyking %,11,-10,2,27,39,-32,17,18,10,-17,8,124,137,90,28
Doelwit,1178249,160,668819,73,182270,182,262955,260,30158,62,34048,0,0,0,0
Afwyking,34435,-58,-20883,-12,43710,-69,12100,156,-526,12,32,567,959628,0,0
Afwyking %,3,-36,-3,-16,24,-38,5,60,-2,19,0,0,0,0,0
8,UITENHAGE - 231
Huidige jaar,1085042,115,737233,27,95659,146,195459,172,17196,79,39495,153,218108,162559,63506
Vorige jaar,967354,118,674936,27,85290,129,164674,206,13376,70,29080,305,449575,81000,67406
Afwyking,117688,-3,62298,0,10369,17,30785,-34,3820,9,10416,-152,-231468,81560,-3901
Afwyking %,12,-3,9,0,12,13,19,-17,29,13,36,-50,-51,101,-6
Doelwit,1035029,136,708683,18,95525,171,184434,232,14981,83,31406,0,0,0,0
Afwyking,50013,-21,28551,9,134,-25,11025,-60,2215,-4,8089,153,218108,0,0
Afwyking %,5,-15,4,50,0,-15,6,-26,15,-5,26,0,0,0,0
9,HUMANSDORP - 88
Huidige jaar,1051673,132,837154,10,54349,200,154045,33,3947,16,2178,67,75313,137487,24177
Vorige jaar,962178,162,736151,13,61535,198,144557,60,3515,48,16420,54,62864,158690,15584
Afwyking,89495,-30,101003,-3,-7186,2,9487,-27,432,-32,-14242,13,12449,-21203,8593
Afwyking %,9,-19,14,-23,-12,1,7,-45,12,-67,-87,24,20,-13,55
Doelwit,1025452,122,772959,21,68919,179,161904,79,3937,54,17734,0,0,0,0
Afwyking,26221,10,64196,-11,-14570,21,-7859,-46,11,-38,-15556,67,75313,0,0
Afwyking %,3,8,8,-52,-21,12,-5,-58,0,-70,-88,0,0,0,0
10,CRADOCK - 34
Huidige jaar,556906,56,339252,31,114687,58,85693,233,14264,43,3010,151,147314,104254,25343
Vorige jaar,241965,32,139793,13,47024,33,49545,143,5791,7,-187,91,99921,54000,8374
Afwyking,314941,24,199460,18,67664,25,36148,90,8473,36,3197,60,47394,50253,16968
Afwyking %,130,75,143,138,144,76,73,63,146,514,-1709,66,47,93,203
Doelwit,261221,38,146782,20,52667,40,55488,207,6486,22,-202,0,0,0,0
Afwyking,295685,18,192471,11,62020,18,30205,26,7778,21,3212,151,147314,0,0
Afwyking %,113,47,131,55,118,45,54,13,120,95,0,0,0,0,0
11,DESPATCH - 49
Huidige jaar,478444,64,398474,3,2040,101,54658,78,3227,49,20045,38,45468,64415,0
Vorige jaar,517876,72,418439,4,15324,97,57377,113,4650,56,22085,21,19488,38390,-1239
Afwyking,-39431,-8,-19965,-1,-13284,4,-2719,-35,-1423,-7,-2040,17,25980,26024,1239
Afwyking %,-8,-11,-5,-25,-87,4,-5,-31,-31,-13,-9,81,133,68,-100
Doelwit,549848,69,439361,6,17164,102,64263,151,5208,52,23852,0,0,0,0
Afwyking,-71404,-5,-40887,-3,-15124,-1,-9606,-73,-1981,-3,-3807,38,45468,0,0
Afwyking %,-13,-7,-9,-50,-88,-1,-15,-48,-38,-6,-16,0,0,0,0
12,ADELAIDE - 1 200911
Huidige jaar,0,0,0,0,0,0,0,0,0,0,0,0,0,0,0
Vorige jaar,138308,19,96310,3,11653,26,24097,115,3649,7,2600,0,0,4316,253
Afwyking,-138308,-19,-96310,-3,-11653,-26,-24097,-115,-3649,-7,-2600,0,0,-4316,-253
Afwyking %,-100,-100,-100,-100,-100,-100,-100,-100,-100,-100,-100,0,0,-100,-100
Doelwit,0,0,0,0,0,0,0,0,0,0,0,0,0,0,0
Afwyking,0,0,0,0,0,0,0,0,0,0,0,0,0,0,0
Afwyking %,0,0,0,0,0,0,0,0,0,0,0,0,0,0,0
13,EASTLONDON STREEKBESTUURDER - 586 200902
Huidige jaar,0,0,0,0,0,0,0,0,0,0,0,0,0,0,0
Vorige jaar,-26,0,-26,0,0,0,0,0,0,0,0,0,0,0,0
Afwyking,26,0,26,0,0,0,0,0,0,0,0,0,0,0,0
Afwyking %,-99,0,-99,0,0,0,0,0,0,0,0,0,0,0,0
Doelwit,0,0,0,0,0,0,0,0,0,0,0,0,0,0,0
Afwyking,0,0,0,0,0,0,0,0,0,0,0,0,0,0,0
Afwyking %,0,0,0,0,0,0,0,0,0,0,0,0,0,0,0
Afwyking %,0,0,0,0,0,0,0,0,0,0,0,0,0,0,0
Huidige jaar,31292074,3217,19881564,761,3041181,3229,7006625,3237,340568,1973,1022135,2291,3367112,5361022,1054120
Vorige jaar,28425296,3116,17795872,647,2599671,3156,6784421,3840,310817,1906,934515,1981,2943586,4469334,977178
Afwyking,2866778,101,2085692,114,441510,73,222204,-603,29751,67,87620,310,423525,891688,76941
Afwyking %,10,3,12,18,17,2,3,-16,10,4,9,16,14,20,8
Doelwit,30405211,3273,18584570,766,2898579,3197,7571564,3155,344029,1954,1006469,0,0,0,0
Afwyking,886863,-56,1296995,-5,142602,32,-564939,82,-3461,19,15665,2291,3367112,0,0
Afwyking %,3,-2,7,-1,5,1,-7,3,-1,1,2,0,0,0,0
